Income,Age,Month_Customer,Total_Spending,children,clusters
58138.0,67,136.0,1617,0,Gold
46344.0,70,118.0,27,2,Platinum
71613.0,59,125.0,776,0,Silver
26646.0,40,119.0,53,1,Bronze
58293.0,43,120.0,422,1,Gold
62513.0,57,124.0,716,1,Gold
55635.0,53,134.0,590,1,Gold
33454.0,39,128.0,169,1,Platinum
30351.0,50,127.0,46,1,Bronze
5648.0,74,118.0,49,2,Bronze
7500.0,48,134.0,61,0,Bronze
63033.0,65,122.0,1102,0,Gold
59354.0,72,122.0,310,2,Gold
17323.0,37,135.0,46,0,Bronze
82800.0,78,134.0,1315,0,Silver
41850.0,44,133.0,96,2,Platinum
37760.0,78,137.0,317,0,Platinum
76995.0,75,130.0,1782,1,Silver
33812.0,39,134.0,133,1,Platinum
37040.0,42,137.0,316,0,Platinum
2447.0,45,132.0,1730,1,Bronze
58607.0,75,133.0,972,1,Gold
65324.0,70,120.0,544,1,Gold
40689.0,73,130.0,444,1,Platinum
18589.0,55,132.0,75,0,Bronze
53359.0,48,128.0,257,2,Gold
38360.0,35,128.0,131,1,Platinum
84618.0,59,122.0,1672,0,Silver
10979.0,35,116.0,30,0,Bronze
38620.0,61,128.0,318,0,Platinum
40548.0,54,135.0,120,1,Platinum
46610.0,72,135.0,302,2,Platinum
68657.0,78,131.0,1196,0,Gold
49389.0,73,125.0,65,2,Platinum
67353.0,54,121.0,913,1,Gold
23718.0,48,124.0,81,1,Bronze
42429.0,51,119.0,67,1,Platinum
48948.0,81,131.0,902,0,Platinum
80011.0,44,129.0,1395,1,Silver
20559.0,39,130.0,53,1,Bronze
21994.0,67,133.0,22,1,Bronze
7500.0,49,123.0,31,1,Bronze
79941.0,48,115.0,984,0,Silver
7500.0,28,134.0,122,0,Bronze
41728.0,56,128.0,55,1,Platinum
72550.0,70,134.0,1319,2,Silver
65486.0,67,116.0,507,1,Gold
79143.0,60,137.0,1693,0,Silver
35790.0,47,132.0,72,1,Platinum
82582.0,47,115.0,1617,0,Silver
66373.0,46,127.0,606,2,Gold
82384.0,69,134.0,1957,0,Silver
70287.0,58,129.0,1093,0,Silver
27938.0,36,117.0,29,1,Bronze
55954.0,56,118.0,518,1,Gold
75777.0,42,126.0,1438,0,Silver
66653.0,49,136.0,612,2,Gold
61823.0,72,131.0,884,1,Gold
67680.0,73,127.0,606,1,Gold
70666.0,76,121.0,1076,0,Silver
25721.0,53,128.0,34,1,Bronze
32474.0,57,116.0,11,2,Platinum
88194.0,45,118.0,1274,1,Silver
69096.0,66,124.0,653,1,Gold
74854.0,54,129.0,1562,3,Silver
66991.0,70,136.0,1253,0,Gold
65031.0,65,130.0,863,1,Gold
60631.0,49,129.0,661,2,Gold
28332.0,72,117.0,65,0,Bronze
40246.0,47,133.0,13,1,Platinum
75251.0,52,137.0,1890,0,Silver
75825.0,48,135.0,2209,0,Silver
26326.0,48,124.0,18,0,Bronze
56046.0,59,132.0,692,0,Gold
29760.0,39,137.0,165,1,Bronze
26304.0,55,127.0,16,1,Bronze
23559.0,51,126.0,79,1,Bronze
38620.0,61,128.0,318,0,Platinum
81361.0,37,119.0,778,0,Silver
29440.0,64,125.0,56,2,Bronze
36138.0,54,126.0,151,2,Platinum
50388.0,67,116.0,372,1,Platinum
79593.0,51,116.0,1366,0,Silver
54178.0,57,120.0,194,1,Gold
42394.0,52,118.0,32,1,Platinum
23626.0,54,116.0,43,1,Bronze
30096.0,41,116.0,45,1,Bronze
47916.0,64,134.0,606,1,Platinum
51813.0,52,129.0,63,2,Gold
78497.0,73,121.0,978,0,Silver
50150.0,41,127.0,410,0,Platinum
47823.0,64,126.0,72,1,Platinum
34554.0,65,118.0,55,1,Platinum
85693.0,45,129.0,1169,1,Silver
65846.0,79,128.0,1120,0,Gold
87195.0,65,116.0,1097,0,Silver
24594.0,45,121.0,29,1,Bronze
49096.0,60,124.0,187,2,Platinum
52413.0,55,131.0,910,2,Gold
38557.0,46,133.0,145,1,Platinum
89058.0,64,133.0,850,0,Silver
77298.0,45,122.0,969,1,Silver
68126.0,33,134.0,1820,0,Gold
57288.0,61,115.0,608,1,Gold
86037.0,33,132.0,730,0,Silver
43974.0,44,133.0,551,1,Platinum
50785.0,62,124.0,114,2,Gold
90765.0,54,120.0,1724,0,Silver
36550.0,46,131.0,577,1,Platinum
30753.0,57,126.0,81,2,Bronze
21918.0,55,122.0,33,1,Bronze
56129.0,71,127.0,660,1,Gold
32557.0,57,119.0,80,1,Platinum
19510.0,39,124.0,30,2,Bronze
30992.0,48,129.0,43,1,Bronze
101970.0,41,130.0,1135,0,Silver
71488.0,59,131.0,559,0,Silver
79607.0,40,129.0,1923,0,Silver
54348.0,71,115.0,90,2,Gold
77376.0,68,116.0,661,2,Silver
62998.0,72,124.0,463,1,Gold
61331.0,66,130.0,632,2,Gold
73448.0,55,119.0,725,0,Silver
41551.0,60,125.0,279,2,Platinum
62981.0,57,130.0,1482,0,Gold
9548.0,48,137.0,29,1,Bronze
33762.0,65,126.0,106,3,Platinum
35860.0,51,116.0,49,2,Platinum
36921.0,59,126.0,38,2,Platinum
92859.0,32,135.0,2077,0,Silver
65104.0,48,122.0,1053,1,Gold
86111.0,62,129.0,1385,0,Silver
68352.0,50,125.0,871,1,Gold
41883.0,36,130.0,312,1,Platinum
59809.0,48,135.0,877,2,Gold
23957.0,49,135.0,68,1,Bronze
38547.0,43,125.0,22,1,Platinum
35688.0,51,137.0,211,3,Platinum
49605.0,58,115.0,127,0,Platinum
59354.0,71,117.0,459,2,Gold
65747.0,55,118.0,460,1,Gold
46344.0,52,133.0,429,1,Platinum
34176.0,36,116.0,89,1,Platinum
61010.0,72,135.0,1021,1,Gold
69372.0,75,131.0,1381,0,Gold
49967.0,66,126.0,306,1,Platinum
60199.0,46,124.0,18,3,Gold
55375.0,47,123.0,162,1,Gold
80317.0,69,125.0,1231,0,Silver
30523.0,66,126.0,13,3,Bronze
70356.0,79,134.0,1706,0,Silver
23228.0,40,120.0,121,1,Bronze
74165.0,49,128.0,1293,0,Silver
43482.0,58,122.0,88,3,Platinum
62551.0,71,122.0,421,0,Gold
52332.0,65,125.0,259,0,Gold
66951.0,36,122.0,1117,0,Gold
26091.0,67,119.0,89,2,Bronze
33456.0,59,117.0,36,2,Platinum
28718.0,42,126.0,57,1,Bronze
50447.0,54,117.0,148,2,Platinum
53537.0,65,120.0,93,2,Gold
52074.0,57,117.0,119,1,Gold
80427.0,49,136.0,1835,1,Silver
83837.0,76,133.0,1318,0,Silver
38853.0,54,116.0,45,2,Platinum
38285.0,65,115.0,10,3,Platinum
78497.0,73,121.0,978,0,Silver
51650.0,48,116.0,191,1,Gold
16248.0,36,116.0,57,1,Bronze
66835.0,78,124.0,1033,0,Gold
30477.0,40,120.0,66,1,Bronze
28249.0,63,115.0,43,0,Bronze
25271.0,41,133.0,50,1,Bronze
32303.0,54,118.0,39,1,Platinum
61286.0,58,125.0,608,1,Gold
74068.0,48,130.0,1581,0,Silver
45759.0,60,131.0,68,2,Platinum
24882.0,46,136.0,80,1,Bronze
66973.0,35,128.0,1282,0,Gold
38872.0,36,128.0,91,1,Platinum
51148.0,51,131.0,315,2,Gold
31353.0,47,121.0,31,2,Bronze
69661.0,44,116.0,834,0,Gold
80067.0,70,124.0,1600,0,Silver
86718.0,70,132.0,1270,0,Silver
46854.0,51,118.0,263,2,Platinum
69142.0,72,115.0,535,1,Gold
75922.0,56,121.0,1295,0,Silver
63693.0,46,123.0,1150,1,Gold
102160.0,47,134.0,1240,0,Silver
40637.0,59,126.0,38,2,Platinum
18890.0,40,134.0,35,0,Bronze
29604.0,36,121.0,53,1,Bronze
48721.0,61,128.0,293,2,Platinum
44794.0,58,115.0,65,1,Platinum
64497.0,70,136.0,1804,1,Gold
46097.0,68,130.0,241,1,Platinum
77972.0,70,118.0,1101,0,Silver
44377.0,56,135.0,264,2,Platinum
46014.0,50,132.0,541,2,Platinum
70951.0,39,128.0,1198,0,Silver
41443.0,47,117.0,482,1,Platinum
52195.0,46,116.0,17,3,Gold
83790.0,76,122.0,1615,0,Silver
44551.0,70,125.0,285,1,Platinum
69508.0,44,134.0,1135,1,Gold
45204.0,36,117.0,114,1,Platinum
72460.0,55,122.0,1047,0,Silver
77622.0,54,117.0,714,2,Silver
30732.0,44,132.0,185,1,Bronze
63887.0,62,136.0,1245,1,Gold
42011.0,46,130.0,189,1,Platinum
51369.0,48,135.0,576,1,Gold
51537.0,72,133.0,1103,1,Gold
79930.0,52,137.0,1753,0,Silver
34320.0,38,119.0,17,1,Platinum
37070.0,58,130.0,433,2,Platinum
81975.0,62,132.0,1588,1,Silver
38590.0,53,128.0,22,1,Platinum
15033.0,73,117.0,19,0,Bronze
62745.0,59,130.0,1117,1,Gold
22212.0,49,121.0,69,1,Bronze
23661.0,42,121.0,23,1,Bronze
79761.0,66,123.0,605,1,Silver
7500.0,51,121.0,57,1,Bronze
73455.0,56,123.0,2088,0,Silver
64961.0,66,133.0,1009,1,Gold
22804.0,53,126.0,26,1,Bronze
73687.0,34,122.0,1627,0,Silver
61074.0,66,137.0,1102,1,Gold
31686.0,60,115.0,17,2,Bronze
80134.0,52,128.0,1690,1,Silver
75027.0,71,132.0,1390,1,Silver
67546.0,36,137.0,2126,0,Gold
65176.0,55,135.0,1531,1,Gold
31160.0,49,124.0,64,1,Bronze
29938.0,39,123.0,26,1,Bronze
102692.0,50,129.0,1112,0,Silver
26490.0,66,136.0,210,0,Bronze
75702.0,57,137.0,1148,2,Silver
30899.0,50,135.0,33,1,Bronze
63342.0,63,135.0,1101,1,Gold
45989.0,60,135.0,322,1,Platinum
18701.0,60,127.0,44,2,Bronze
40737.0,67,121.0,17,3,Platinum
15287.0,45,135.0,31,1,Bronze
69674.0,56,128.0,845,2,Gold
44159.0,54,115.0,275,1,Platinum
37717.0,46,134.0,25,1,Platinum
43776.0,72,131.0,275,2,Platinum
38179.0,58,130.0,90,2,Platinum
80124.0,61,115.0,1495,0,Silver
38097.0,54,135.0,184,2,Platinum
72940.0,54,127.0,981,0,Silver
22070.0,54,123.0,67,1,Bronze
69267.0,71,136.0,1635,0,Gold
31788.0,41,118.0,60,1,Bronze
61905.0,49,119.0,231,1,Gold
29315.0,64,117.0,48,2,Bronze
33378.0,61,131.0,99,2,Platinum
66313.0,61,124.0,770,1,Gold
60714.0,68,132.0,957,0,Gold
77882.0,43,117.0,818,0,Silver
69867.0,38,129.0,925,0,Silver
63841.0,56,129.0,908,1,Gold
24480.0,43,131.0,102,1,Bronze
51369.0,48,135.0,576,1,Gold
37760.0,78,137.0,317,0,Platinum
65640.0,50,118.0,461,1,Gold
44319.0,49,117.0,37,2,Platinum
30631.0,50,126.0,70,1,Bronze
75278.0,72,132.0,930,0,Silver
50898.0,68,132.0,859,2,Gold
79946.0,58,116.0,1478,0,Silver
35416.0,75,127.0,390,0,Platinum
32414.0,40,126.0,52,0,Platinum
38361.0,55,121.0,137,1,Platinum
82497.0,44,135.0,1919,0,Silver
16626.0,53,120.0,68,2,Bronze
29672.0,59,130.0,25,2,Bronze
55951.0,72,137.0,1374,1,Gold
35388.0,36,130.0,32,1,Platinum
42386.0,38,132.0,100,1,Platinum
68627.0,42,132.0,825,0,Gold
57912.0,59,118.0,916,1,Gold
35246.0,66,117.0,62,2,Platinum
58821.0,68,123.0,728,1,Gold
46377.0,46,118.0,90,1,Platinum
39747.0,36,117.0,273,1,Platinum
23976.0,40,121.0,66,1,Bronze
80950.0,63,130.0,1213,0,Silver
27038.0,58,136.0,107,0,Bronze
77457.0,77,118.0,1157,0,Silver
64100.0,60,124.0,546,1,Gold
42670.0,32,129.0,241,0,Platinum
12571.0,48,120.0,53,1,Bronze
22574.0,57,123.0,37,3,Bronze
70893.0,48,131.0,1508,0,Silver
54198.0,58,121.0,235,2,Gold
28839.0,68,118.0,32,2,Bronze
40321.0,52,126.0,102,2,Platinum
66503.0,39,137.0,401,1,Gold
30833.0,73,126.0,28,2,Bronze
64795.0,53,132.0,680,1,Gold
34421.0,50,126.0,30,1,Platinum
47025.0,59,119.0,20,2,Platinum
64325.0,63,131.0,1307,1,Gold
40464.0,71,132.0,630,1,Platinum
62187.0,67,126.0,1283,0,Gold
14849.0,48,126.0,65,1,Bronze
27255.0,40,122.0,37,1,Bronze
54432.0,74,128.0,38,3,Gold
29999.0,38,131.0,160,1,Bronze
24072.0,41,129.0,23,1,Bronze
33996.0,35,124.0,71,0,Platinum
66334.0,68,129.0,1161,1,Gold
35178.0,53,132.0,59,1,Platinum
22010.0,41,127.0,33,1,Bronze
62204.0,64,136.0,946,2,Gold
75693.0,56,133.0,1442,0,Silver
30675.0,52,134.0,62,1,Bronze
83003.0,59,130.0,1674,0,Silver
68655.0,36,137.0,1538,0,Gold
41411.0,38,121.0,139,0,Platinum
55212.0,55,134.0,1182,1,Gold
59292.0,74,127.0,507,1,Gold
27190.0,51,125.0,18,1,Bronze
82623.0,72,122.0,940,0,Silver
44300.0,59,127.0,42,2,Platinum
84835.0,54,115.0,1190,0,Silver
30372.0,53,133.0,44,2,Bronze
33181.0,48,120.0,16,1,Platinum
71113.0,67,121.0,835,1,Silver
71952.0,38,132.0,1443,1,Silver
69759.0,58,123.0,1029,0,Silver
72099.0,50,135.0,1188,0,Silver
60000.0,48,133.0,1277,1,Gold
38643.0,46,122.0,49,2,Platinum
50737.0,69,128.0,99,1,Platinum
68462.0,55,133.0,1670,0,Gold
65073.0,81,125.0,900,0,Gold
46681.0,76,123.0,425,2,Platinum
78618.0,67,136.0,2153,0,Silver
62187.0,55,118.0,636,1,Gold
28442.0,46,119.0,57,2,Bronze
37717.0,46,134.0,25,1,Platinum
51479.0,57,133.0,494,2,Gold
54803.0,55,137.0,693,1,Gold
79530.0,64,128.0,1348,0,Silver
31615.0,48,130.0,51,1,Bronze
72025.0,62,134.0,1932,0,Silver
52614.0,49,133.0,990,1,Gold
35684.0,40,117.0,30,1,Platinum
48178.0,49,135.0,254,2,Platinum
29548.0,54,125.0,29,1,Bronze
63810.0,58,134.0,1371,1,Gold
38578.0,52,127.0,73,2,Platinum
46098.0,49,137.0,120,2,Platinum
22585.0,54,130.0,81,0,Bronze
30279.0,35,133.0,37,1,Bronze
66426.0,63,123.0,1377,1,Gold
30822.0,55,127.0,51,1,Bronze
33581.0,55,132.0,17,2,Platinum
19986.0,39,122.0,22,1,Bronze
27421.0,70,133.0,324,0,Bronze
35688.0,51,137.0,211,3,Platinum
36143.0,43,118.0,19,1,Platinum
10245.0,53,128.0,41,1,Bronze
43795.0,56,123.0,492,1,Platinum
63381.0,64,135.0,1005,1,Gold
38823.0,75,137.0,114,1,Platinum
83664.0,56,128.0,1173,2,Silver
90300.0,45,120.0,1738,0,Silver
62499.0,45,121.0,222,1,Gold
74293.0,31,116.0,1127,0,Silver
51012.0,78,129.0,209,0,Gold
70777.0,56,119.0,787,1,Silver
68682.0,33,123.0,1598,0,Gold
43824.0,53,136.0,186,2,Platinum
15345.0,40,137.0,47,1,Bronze
23442.0,37,133.0,27,1,Bronze
14515.0,44,134.0,96,1,Bronze
31395.0,68,130.0,64,2,Bronze
75276.0,59,136.0,1040,0,Silver
42373.0,50,125.0,163,2,Platinum
30507.0,64,130.0,343,0,Bronze
55521.0,69,123.0,446,3,Gold
48006.0,59,115.0,41,2,Platinum
27213.0,52,137.0,70,1,Bronze
65808.0,53,116.0,272,2,Gold
30351.0,50,127.0,46,1,Bronze
50437.0,61,135.0,490,2,Platinum
23616.0,42,134.0,79,1,Bronze
53858.0,48,134.0,915,1,Gold
66465.0,69,130.0,1485,1,Gold
46923.0,37,137.0,369,1,Platinum
75072.0,62,132.0,1073,1,Silver
75865.0,81,118.0,1242,0,Silver
19789.0,49,122.0,78,1,Bronze
80134.0,30,119.0,1378,0,Silver
91065.0,43,131.0,1474,0,Silver
49505.0,53,130.0,751,2,Platinum
37401.0,51,116.0,48,1,Platinum
30096.0,41,116.0,45,1,Bronze
18492.0,42,115.0,10,1,Bronze
82584.0,50,127.0,1435,0,Silver
93027.0,83,129.0,2119,0,Silver
48686.0,71,121.0,20,3,Platinum
92910.0,38,117.0,1795,0,Silver
75433.0,35,117.0,1188,1,Silver
10404.0,35,116.0,43,1,Bronze
61314.0,56,129.0,1008,1,Gold
84865.0,63,128.0,1688,0,Silver
42387.0,35,135.0,684,1,Platinum
67309.0,57,132.0,1082,2,Gold
75236.0,60,122.0,1068,1,Silver
30015.0,54,119.0,57,1,Bronze
50943.0,68,127.0,46,1,Gold
67272.0,58,121.0,733,1,Gold
51529.0,75,124.0,467,1,Gold
32011.0,53,125.0,122,1,Bronze
7500.0,38,131.0,36,1,Bronze
28691.0,35,126.0,34,1,Bronze
56223.0,76,121.0,156,1,Gold
18100.0,78,125.0,14,0,Bronze
30279.0,35,133.0,37,1,Bronze
20130.0,50,118.0,34,0,Bronze
23295.0,65,126.0,20,0,Bronze
42618.0,52,123.0,192,1,Platinum
81246.0,60,121.0,1379,0,Silver
24027.0,48,127.0,48,1,Bronze
55707.0,71,121.0,428,1,Gold
57959.0,69,128.0,868,1,Gold
56796.0,55,131.0,1001,1,Gold
36230.0,53,123.0,59,1,Platinum
70829.0,44,121.0,431,2,Silver
65991.0,48,136.0,971,1,Gold
38988.0,52,137.0,348,3,Platinum
89572.0,58,136.0,2059,0,Silver
42207.0,40,129.0,265,1,Platinum
50300.0,72,116.0,270,1,Platinum
66664.0,42,136.0,1289,0,Gold
60597.0,60,120.0,893,1,Gold
70165.0,75,124.0,926,0,Silver
50520.0,66,120.0,135,1,Platinum
80124.0,61,115.0,1495,0,Silver
33183.0,49,119.0,120,1,Platinum
66582.0,55,118.0,1288,0,Gold
75261.0,69,129.0,1743,0,Silver
31880.0,54,135.0,15,1,Bronze
53790.0,73,118.0,542,2,Gold
49269.0,53,137.0,890,1,Platinum
61456.0,49,130.0,1388,1,Gold
37406.0,44,123.0,17,1,Platinum
56937.0,43,137.0,906,1,Gold
38415.0,46,132.0,44,2,Platinum
20518.0,36,116.0,25,1,Bronze
62503.0,68,131.0,973,1,Gold
41644.0,52,116.0,31,2,Platinum
55842.0,47,116.0,518,1,Gold
62010.0,52,135.0,530,1,Gold
41124.0,47,135.0,506,1,Platinum
38961.0,51,121.0,70,1,Platinum
37760.0,52,125.0,54,1,Platinum
32233.0,50,137.0,296,1,Platinum
43057.0,49,123.0,266,1,Platinum
83151.0,64,135.0,747,0,Silver
78825.0,60,136.0,895,0,Silver
65104.0,48,122.0,1053,1,Gold
60093.0,50,127.0,735,1,Gold
14045.0,55,120.0,20,1,Bronze
28457.0,72,135.0,205,0,Bronze
78952.0,66,136.0,2092,1,Silver
46310.0,48,133.0,309,1,Platinum
76005.0,69,131.0,1722,0,Silver
58308.0,60,132.0,900,1,Gold
55614.0,80,122.0,682,0,Gold
59432.0,62,129.0,663,1,Gold
55563.0,46,117.0,43,1,Gold
78642.0,53,129.0,1816,1,Silver
67911.0,75,116.0,976,1,Gold
65275.0,80,129.0,746,0,Gold
27203.0,74,137.0,64,2,Bronze
48330.0,63,122.0,32,1,Platinum
24279.0,34,133.0,263,0,Bronze
64355.0,39,137.0,1445,1,Gold
50943.0,68,127.0,46,1,Gold
53653.0,71,134.0,1210,0,Gold
65665.0,48,121.0,945,1,Gold
81217.0,35,126.0,1157,0,Silver
34935.0,32,127.0,137,0,Platinum
61250.0,65,133.0,730,1,Gold
39665.0,43,128.0,216,1,Platinum
60152.0,45,130.0,943,1,Gold
48920.0,60,123.0,347,2,Platinum
89120.0,65,118.0,1924,0,Silver
44124.0,78,128.0,397,1,Platinum
81169.0,49,129.0,2089,0,Silver
36443.0,63,131.0,138,2,Platinum
26095.0,34,127.0,42,1,Bronze
71367.0,65,125.0,777,0,Silver
80184.0,80,118.0,1902,0,Silver
30630.0,59,120.0,52,2,Bronze
73454.0,37,118.0,1651,0,Silver
42691.0,33,125.0,358,0,Platinum
70503.0,71,136.0,1727,0,Silver
25545.0,37,136.0,210,1,Bronze
32880.0,38,133.0,42,1,Platinum
77863.0,66,122.0,1291,0,Silver
50353.0,47,115.0,442,0,Platinum
61839.0,60,137.0,1895,0,Gold
49154.0,64,122.0,411,2,Platinum
47682.0,49,131.0,521,1,Platinum
72679.0,55,124.0,1168,1,Silver
57954.0,47,115.0,493,2,Gold
65316.0,62,129.0,260,2,Gold
28567.0,42,127.0,46,1,Bronze
47352.0,73,129.0,319,1,Platinum
44931.0,57,120.0,96,1,Platinum
76982.0,57,119.0,1062,0,Silver
57247.0,72,125.0,232,1,Gold
22944.0,43,121.0,76,1,Bronze
25315.0,47,122.0,54,1,Bronze
43638.0,55,137.0,201,1,Platinum
42710.0,40,134.0,406,1,Platinum
84169.0,42,125.0,1919,0,Silver
54058.0,48,127.0,662,1,Gold
24683.0,34,118.0,41,1,Bronze
85620.0,60,120.0,1600,0,Silver
47850.0,44,121.0,134,1,Platinum
19514.0,56,120.0,69,2,Bronze
27159.0,51,118.0,21,2,Bronze
39548.0,61,118.0,54,2,Platinum
21474.0,35,117.0,91,1,Bronze
60504.0,53,119.0,526,1,Gold
22419.0,61,129.0,162,0,Bronze
81698.0,75,122.0,1008,0,Silver
43462.0,72,136.0,240,2,Platinum
54880.0,46,130.0,795,1,Gold
79908.0,42,129.0,1772,0,Silver
15315.0,54,125.0,64,0,Bronze
87771.0,65,128.0,1957,1,Silver
33039.0,46,124.0,78,1,Platinum
81741.0,44,127.0,1572,0,Silver
71499.0,53,127.0,795,1,Silver
62466.0,54,120.0,889,1,Gold
48799.0,61,122.0,331,1,Platinum
52157.0,74,115.0,265,1,Gold
66565.0,62,133.0,1065,1,Gold
29298.0,73,124.0,11,2,Bronze
47691.0,45,126.0,21,1,Platinum
38200.0,54,133.0,17,2,Platinum
44989.0,50,136.0,369,1,Platinum
38443.0,56,120.0,38,2,Platinum
38593.0,46,124.0,177,1,Platinum
64413.0,54,125.0,279,1,Gold
36959.0,43,123.0,62,1,Platinum
61996.0,47,132.0,1230,1,Gold
51287.0,56,117.0,182,2,Gold
13260.0,54,125.0,49,2,Bronze
47472.0,58,124.0,75,2,Platinum
54603.0,68,126.0,227,2,Gold
45207.0,50,134.0,215,2,Platinum
40689.0,73,130.0,444,1,Platinum
47821.0,57,123.0,47,2,Platinum
27450.0,73,129.0,143,0,Bronze
39453.0,41,117.0,55,1,Platinum
26850.0,53,117.0,63,2,Bronze
79800.0,69,136.0,1867,0,Silver
61794.0,63,124.0,611,1,Gold
53863.0,69,116.0,473,1,Gold
24221.0,65,125.0,55,0,Bronze
39684.0,40,135.0,81,1,Platinum
92163.0,49,133.0,2086,0,Silver
69882.0,59,122.0,1478,0,Silver
33178.0,47,120.0,49,1,Platinum
59973.0,52,124.0,382,0,Gold
17459.0,49,124.0,69,1,Bronze
23910.0,55,135.0,67,1,Bronze
42169.0,55,123.0,30,2,Platinum
26224.0,46,127.0,63,1,Bronze
31089.0,43,137.0,79,1,Bronze
30081.0,63,131.0,42,1,Bronze
62807.0,64,137.0,819,1,Gold
72906.0,69,124.0,1151,0,Silver
61467.0,76,133.0,594,2,Gold
49618.0,58,132.0,129,2,Platinum
21888.0,38,133.0,213,1,Bronze
42429.0,51,119.0,67,1,Platinum
26150.0,68,130.0,28,3,Bronze
30801.0,49,135.0,45,1,Bronze
81168.0,59,116.0,1193,0,Silver
26877.0,55,125.0,268,0,Bronze
45006.0,80,126.0,266,0,Platinum
18978.0,51,133.0,37,1,Bronze
22574.0,57,123.0,37,3,Bronze
48240.0,55,134.0,882,0,Platinum
45837.0,50,126.0,373,2,Platinum
35791.0,59,128.0,35,3,Platinum
54162.0,46,130.0,42,2,Gold
30522.0,64,137.0,326,1,Bronze
54456.0,63,126.0,404,1,Gold
31632.0,53,126.0,95,0,Bronze
72298.0,75,118.0,939,0,Silver
36975.0,46,121.0,33,1,Platinum
72635.0,69,127.0,981,0,Silver
13624.0,48,132.0,36,1,Bronze
84196.0,49,127.0,1237,1,Silver
70971.0,64,136.0,1825,1,Silver
34487.0,47,136.0,103,2,Platinum
28769.0,47,133.0,191,1,Bronze
69084.0,54,122.0,1586,1,Gold
65488.0,66,115.0,963,0,Gold
62466.0,54,120.0,889,1,Gold
32218.0,64,119.0,93,0,Platinum
83917.0,51,129.0,1587,0,Silver
46102.0,62,118.0,16,3,Platinum
84574.0,72,127.0,1375,0,Silver
56181.0,62,132.0,393,1,Gold
63120.0,74,136.0,1477,1,Gold
73691.0,53,122.0,1179,1,Silver
63381.0,64,135.0,1005,1,Gold
76140.0,76,116.0,1348,0,Silver
62859.0,65,133.0,1307,1,Gold
45906.0,60,128.0,486,1,Platinum
77632.0,77,130.0,2252,0,Silver
46463.0,53,125.0,235,2,Platinum
105471.0,54,132.0,1724,0,Silver
55282.0,54,121.0,235,1,Gold
78710.0,47,116.0,1092,1,Silver
66886.0,66,124.0,599,1,Gold
98777.0,64,119.0,2008,0,Silver
29103.0,39,137.0,48,1,Bronze
67445.0,50,137.0,1174,1,Gold
50616.0,74,117.0,67,1,Platinum
49431.0,69,137.0,365,1,Platinum
61278.0,71,120.0,165,1,Gold
26490.0,66,136.0,210,0,Bronze
73059.0,77,125.0,1095,1,Silver
46734.0,58,123.0,223,3,Platinum
56253.0,61,133.0,597,1,Gold
19986.0,39,122.0,22,1,Bronze
58330.0,49,121.0,1064,1,Gold
25965.0,44,136.0,74,0,Bronze
14661.0,68,132.0,26,0,Bronze
18690.0,65,133.0,60,0,Bronze
45068.0,50,128.0,20,1,Platinum
21063.0,37,124.0,59,1,Bronze
29187.0,56,128.0,34,1,Bronze
54690.0,53,122.0,198,2,Gold
59304.0,60,126.0,1048,1,Gold
59247.0,62,122.0,574,2,Gold
66731.0,54,136.0,1029,1,Gold
77353.0,44,121.0,670,1,Silver
52614.0,49,133.0,990,1,Gold
26751.0,50,116.0,11,2,Bronze
81300.0,61,135.0,1241,1,Silver
70337.0,45,120.0,576,0,Silver
36145.0,39,127.0,172,1,Platinum
65295.0,44,121.0,664,0,Gold
68118.0,61,123.0,928,1,Gold
68743.0,57,137.0,2074,0,Gold
41039.0,42,126.0,467,0,Platinum
38946.0,69,123.0,257,1,Platinum
65777.0,57,121.0,1146,0,Gold
66476.0,48,130.0,689,1,Gold
86857.0,52,136.0,2114,0,Silver
77845.0,35,116.0,1346,0,Silver
69476.0,55,124.0,1044,0,Gold
50611.0,64,135.0,493,1,Platinum
61209.0,54,125.0,957,0,Gold
42315.0,66,126.0,270,1,Platinum
13084.0,72,122.0,29,0,Bronze
47570.0,75,128.0,121,2,Platinum
61923.0,63,126.0,126,2,Gold
34824.0,29,118.0,23,0,Platinum
26518.0,75,129.0,57,2,Bronze
45938.0,63,122.0,636,0,Platinum
78468.0,64,117.0,1004,0,Silver
78901.0,51,124.0,734,1,Silver
71427.0,46,118.0,614,2,Silver
71022.0,46,119.0,1453,1,Silver
90247.0,36,117.0,1621,0,Silver
41335.0,56,121.0,187,1,Platinum
71952.0,38,132.0,1443,1,Silver
35682.0,54,115.0,57,1,Platinum
43185.0,73,129.0,637,1,Platinum
66375.0,76,122.0,948,1,Gold
35178.0,53,132.0,59,1,Platinum
25252.0,38,126.0,18,1,Bronze
55250.0,59,135.0,903,1,Gold
33249.0,49,131.0,112,1,Platinum
58398.0,71,128.0,596,0,Gold
50272.0,42,125.0,233,1,Platinum
76618.0,49,133.0,1511,0,Silver
87305.0,64,136.0,1152,0,Silver
25851.0,46,131.0,48,1,Bronze
58710.0,54,130.0,1185,1,Gold
45160.0,66,118.0,21,2,Platinum
74806.0,59,133.0,965,1,Silver
59111.0,70,128.0,869,0,Gold
18988.0,40,116.0,16,1,Bronze
72190.0,59,131.0,1947,0,Silver
7500.0,48,137.0,71,1,Bronze
44794.0,58,115.0,65,1,Platinum
80395.0,69,122.0,1380,0,Silver
75012.0,48,120.0,1027,0,Silver
56962.0,59,123.0,411,3,Gold
89891.0,33,129.0,836,0,Silver
35946.0,75,124.0,11,2,Platinum
53593.0,71,137.0,480,2,Gold
66373.0,46,127.0,606,2,Gold
45072.0,76,123.0,284,3,Platinum
89694.0,51,123.0,1472,2,Silver
72025.0,75,117.0,1677,0,Silver
67432.0,51,130.0,1335,1,Gold
70545.0,72,115.0,334,1,Silver
17487.0,35,130.0,18,1,Bronze
62882.0,55,137.0,1338,1,Gold
64108.0,71,130.0,1099,1,Gold
34941.0,68,130.0,97,2,Platinum
48767.0,74,120.0,63,3,Platinum
38702.0,46,125.0,109,1,Platinum
82224.0,60,120.0,902,0,Silver
83844.0,72,128.0,1574,0,Silver
17003.0,49,121.0,38,1,Bronze
71163.0,29,118.0,960,0,Silver
33697.0,54,124.0,28,1,Platinum
63564.0,70,120.0,1215,0,Gold
83443.0,52,121.0,1497,0,Silver
51518.0,66,123.0,449,1,Gold
58330.0,49,121.0,1064,1,Gold
80952.0,55,131.0,1757,0,Silver
75507.0,45,116.0,1440,0,Silver
63855.0,46,131.0,1006,0,Gold
62220.0,52,137.0,1226,1,Gold
58512.0,60,124.0,1171,1,Gold
40662.0,45,130.0,92,1,Platinum
38829.0,65,117.0,99,1,Platinum
35523.0,43,123.0,66,1,Platinum
79146.0,57,117.0,564,2,Silver
78285.0,36,123.0,1427,0,Silver
31626.0,46,128.0,86,1,Bronze
75127.0,72,116.0,833,0,Silver
48726.0,69,129.0,242,1,Platinum
74985.0,47,136.0,1869,0,Silver
67430.0,37,136.0,1364,0,Gold
46891.0,59,124.0,183,1,Platinum
62058.0,68,128.0,450,1,Gold
72063.0,45,126.0,758,1,Silver
78939.0,73,121.0,1507,0,Silver
42720.0,59,129.0,654,2,Platinum
33622.0,52,129.0,81,2,Platinum
6835.0,67,133.0,137,1,Bronze
41452.0,71,130.0,16,2,Platinum
40760.0,59,125.0,93,1,Platinum
74250.0,66,120.0,1158,0,Silver
51124.0,69,121.0,43,2,Gold
72258.0,53,124.0,1525,1,Silver
71466.0,50,117.0,1230,0,Silver
36283.0,48,117.0,29,2,Platinum
20587.0,54,116.0,25,1,Bronze
30467.0,52,118.0,24,1,Bronze
31590.0,52,127.0,38,1,Bronze
20425.0,38,135.0,57,1,Bronze
17144.0,64,119.0,47,2,Bronze
42564.0,56,132.0,813,1,Platinum
43783.0,46,116.0,629,1,Platinum
40780.0,48,136.0,377,1,Platinum
62847.0,79,132.0,1612,0,Gold
82017.0,67,134.0,729,0,Silver
16813.0,74,126.0,50,0,Bronze
51267.0,46,123.0,270,2,Gold
46524.0,63,129.0,177,1,Platinum
45183.0,62,132.0,315,0,Platinum
70421.0,70,115.0,767,1,Silver
60161.0,59,135.0,1071,1,Gold
73926.0,51,130.0,1580,0,Silver
19329.0,56,121.0,60,1,Bronze
61872.0,54,121.0,573,1,Gold
46984.0,68,130.0,41,2,Platinum
34838.0,73,132.0,170,2,Platinum
82716.0,80,122.0,1167,0,Silver
48192.0,66,129.0,1526,0,Platinum
49681.0,48,122.0,458,2,Platinum
56850.0,53,118.0,63,1,Gold
55267.0,67,123.0,405,1,Gold
59666.0,52,130.0,1027,2,Gold
72504.0,52,129.0,1478,1,Silver
26872.0,43,123.0,72,0,Bronze
21359.0,52,129.0,48,1,Bronze
73170.0,49,116.0,726,0,Silver
52750.0,69,131.0,860,1,Gold
91820.0,38,122.0,1497,0,Silver
65968.0,54,116.0,495,1,Gold
30772.0,48,118.0,20,2,Bronze
22507.0,70,134.0,570,0,Bronze
65685.0,52,118.0,769,1,Gold
25804.0,46,124.0,55,1,Bronze
76412.0,44,128.0,1808,0,Silver
22063.0,52,125.0,55,1,Bronze
57091.0,63,115.0,577,0,Gold
22419.0,61,129.0,162,0,Bronze
87771.0,65,128.0,1957,1,Silver
78353.0,65,129.0,1576,1,Silver
93404.0,70,128.0,1616,3,Silver
37859.0,62,132.0,36,3,Platinum
80995.0,66,128.0,1482,1,Silver
16529.0,40,118.0,22,1,Bronze
55412.0,48,122.0,63,2,Gold
48789.0,32,136.0,680,0,Platinum
56575.0,57,128.0,542,2,Gold
25130.0,44,123.0,50,1,Bronze
35441.0,57,131.0,39,2,Platinum
71391.0,68,130.0,1043,1,Silver
49494.0,52,129.0,385,1,Platinum
81702.0,44,136.0,1633,0,Silver
45889.0,44,126.0,46,1,Platinum
56628.0,47,118.0,761,1,Gold
34026.0,74,125.0,76,2,Platinum
40049.0,50,134.0,290,1,Platinum
34176.0,36,116.0,89,1,Platinum
19419.0,43,134.0,70,1,Bronze
82504.0,64,126.0,1066,0,Silver
81205.0,54,120.0,2009,0,Silver
61618.0,33,136.0,1345,0,Gold
55284.0,68,133.0,764,1,Gold
49980.0,61,123.0,195,1,Platinum
15072.0,44,128.0,53,2,Bronze
49166.0,50,127.0,368,1,Platinum
65324.0,70,120.0,544,1,Gold
82347.0,67,134.0,1853,0,Silver
30843.0,58,116.0,35,2,Bronze
46374.0,50,118.0,446,1,Platinum
60474.0,45,129.0,1180,1,Gold
38576.0,51,118.0,41,1,Platinum
55357.0,39,131.0,727,2,Gold
37758.0,58,135.0,40,2,Platinum
85710.0,35,128.0,1062,0,Silver
23228.0,55,120.0,40,1,Bronze
44602.0,55,119.0,292,2,Platinum
7500.0,37,132.0,15,0,Bronze
38683.0,35,135.0,341,1,Platinum
49514.0,49,121.0,369,1,Platinum
57906.0,51,127.0,401,1,Gold
43456.0,58,130.0,393,1,Platinum
19485.0,38,124.0,10,2,Bronze
53172.0,46,128.0,486,1,Gold
30545.0,45,135.0,69,1,Bronze
70123.0,41,124.0,1727,0,Silver
62450.0,65,120.0,995,1,Gold
21675.0,48,115.0,45,1,Bronze
42395.0,43,117.0,182,2,Platinum
61346.0,46,123.0,989,1,Gold
80812.0,71,124.0,1677,0,Silver
42835.0,53,127.0,595,2,Platinum
39922.0,41,131.0,156,1,Platinum
86424.0,68,117.0,1226,0,Silver
17117.0,46,132.0,128,1,Bronze
24762.0,52,119.0,86,1,Bronze
35797.0,49,135.0,68,1,Platinum
36627.0,49,126.0,16,2,Platinum
51111.0,43,115.0,55,2,Gold
86857.0,52,136.0,2114,0,Silver
82072.0,54,126.0,2018,0,Silver
46231.0,71,134.0,263,3,Platinum
42243.0,65,121.0,55,2,Platinum
51195.0,62,129.0,564,2,Gold
68092.0,46,121.0,1281,0,Gold
31814.0,51,131.0,83,1,Bronze
51390.0,59,136.0,353,2,Gold
76630.0,41,120.0,1003,0,Silver
26868.0,33,117.0,14,1,Bronze
48948.0,81,131.0,902,0,Platinum
55260.0,52,133.0,1139,1,Gold
64090.0,68,125.0,797,1,Gold
78331.0,66,120.0,1638,1,Silver
37087.0,50,125.0,401,1,Platinum
21846.0,38,123.0,84,1,Bronze
81320.0,66,131.0,928,0,Silver
54137.0,54,125.0,203,1,Gold
66825.0,57,126.0,858,0,Gold
57100.0,51,121.0,409,0,Gold
58917.0,55,130.0,282,3,Gold
85072.0,47,117.0,1423,0,Silver
86429.0,63,122.0,1449,0,Silver
45684.0,53,121.0,28,1,Platinum
47889.0,50,120.0,67,1,Platinum
45921.0,38,118.0,199,0,Platinum
78420.0,58,127.0,1453,0,Silver
75114.0,32,122.0,1253,0,Silver
52278.0,61,132.0,1198,1,Gold
35641.0,52,126.0,178,1,Platinum
95529.0,30,133.0,1990,0,Silver
62820.0,70,128.0,976,0,Gold
73113.0,64,121.0,1001,0,Silver
84169.0,42,125.0,1919,0,Silver
42607.0,70,122.0,350,1,Platinum
74637.0,70,128.0,1650,0,Silver
46015.0,69,117.0,46,2,Platinum
72354.0,31,129.0,1228,0,Silver
39858.0,55,132.0,95,1,Platinum
34469.0,76,116.0,62,2,Platinum
83033.0,38,116.0,1761,1,Silver
24401.0,45,137.0,467,0,Bronze
77583.0,46,119.0,1149,0,Silver
74116.0,42,121.0,2052,0,Silver
74293.0,31,116.0,1127,0,Silver
68397.0,48,122.0,1416,1,Gold
79632.0,50,117.0,1113,0,Silver
46107.0,35,119.0,125,1,Platinum
64950.0,73,137.0,966,1,Gold
25443.0,35,133.0,32,1,Bronze
75127.0,72,116.0,833,0,Silver
32892.0,53,116.0,46,1,Platinum
71796.0,53,123.0,960,0,Silver
67536.0,54,128.0,1829,1,Gold
55239.0,53,126.0,779,1,Gold
60554.0,49,125.0,811,1,Gold
64831.0,72,127.0,1120,2,Gold
56067.0,62,126.0,725,1,Gold
82025.0,41,128.0,1187,0,Silver
94384.0,71,130.0,2302,0,Silver
14906.0,38,133.0,66,0,Bronze
51563.0,37,135.0,1250,0,Gold
57937.0,42,119.0,683,1,Gold
68274.0,45,124.0,305,2,Gold
39771.0,47,121.0,50,1,Platinum
67893.0,49,135.0,995,1,Gold
27922.0,45,116.0,41,1,Bronze
52190.0,48,116.0,77,2,Gold
44051.0,51,132.0,171,2,Platinum
42767.0,53,128.0,131,2,Platinum
46106.0,48,116.0,54,2,Platinum
16927.0,48,131.0,53,2,Bronze
59754.0,59,133.0,475,1,Gold
53700.0,72,137.0,694,1,Gold
59041.0,51,116.0,96,2,Gold
54237.0,67,129.0,361,1,Gold
70647.0,57,136.0,1079,1,Silver
52597.0,62,116.0,578,1,Gold
41021.0,55,133.0,64,1,Platinum
40233.0,49,123.0,149,1,Platinum
50183.0,44,115.0,231,2,Platinum
54753.0,65,124.0,728,1,Gold
92955.0,51,125.0,1778,0,Silver
33471.0,51,135.0,93,1,Platinum
34596.0,50,129.0,23,1,Platinum
44010.0,44,135.0,662,1,Platinum
84219.0,36,119.0,1198,0,Silver
40706.0,56,132.0,81,3,Platinum
15716.0,36,134.0,92,1,Bronze
59052.0,65,122.0,491,1,Gold
80573.0,53,135.0,1564,0,Silver
83715.0,62,119.0,926,0,Silver
82576.0,65,137.0,1910,0,Silver
56962.0,59,123.0,411,3,Gold
35704.0,72,120.0,94,2,Platinum
53103.0,70,124.0,1085,1,Gold
46779.0,64,126.0,23,2,Platinum
4861.0,59,115.0,6,0,Bronze
33462.0,45,125.0,54,1,Platinum
63693.0,46,123.0,1150,1,Gold
80763.0,74,125.0,1415,0,Silver
65352.0,50,125.0,405,1,Gold
82170.0,46,122.0,1908,0,Silver
75759.0,55,123.0,2486,0,Silver
79689.0,48,128.0,1315,0,Silver
35340.0,68,115.0,45,2,Platinum
85683.0,70,118.0,1789,0,Silver
24884.0,52,134.0,19,1,Bronze
42021.0,43,137.0,573,1,Platinum
64449.0,35,119.0,805,1,Gold
64587.0,70,115.0,108,2,Gold
34824.0,29,118.0,23,0,Platinum
75437.0,46,122.0,1493,0,Silver
26091.0,67,119.0,89,2,Bronze
52845.0,51,125.0,936,1,Gold
46086.0,68,122.0,343,1,Platinum
78028.0,68,136.0,528,1,Silver
95169.0,37,123.0,1901,0,Silver
56337.0,43,130.0,724,2,Gold
22434.0,37,131.0,58,1,Bronze
36930.0,70,128.0,297,1,Platinum
36130.0,70,131.0,488,1,Platinum
65569.0,71,134.0,859,1,Gold
83844.0,72,128.0,1574,0,Silver
19514.0,56,120.0,69,2,Bronze
36736.0,61,128.0,17,2,Platinum
77568.0,45,137.0,2194,1,Silver
49187.0,48,120.0,116,1,Platinum
30168.0,46,130.0,279,1,Bronze
34053.0,56,136.0,103,1,Platinum
38196.0,53,117.0,44,2,Platinum
59412.0,73,117.0,406,0,Gold
70924.0,59,117.0,1363,0,Silver
54165.0,55,128.0,236,0,Gold
32300.0,51,132.0,39,1,Platinum
20180.0,48,131.0,137,0,Bronze
34961.0,51,115.0,79,1,Platinum
28440.0,50,126.0,63,1,Bronze
64504.0,71,130.0,1314,3,Gold
33564.0,58,115.0,71,1,Platinum
17345.0,46,134.0,58,1,Bronze
56320.0,57,129.0,702,1,Gold
28647.0,46,125.0,94,1,Bronze
15038.0,37,132.0,80,1,Bronze
32173.0,66,125.0,22,1,Platinum
68316.0,60,134.0,1211,1,Gold
74538.0,53,127.0,1461,0,Silver
91700.0,53,132.0,1968,0,Silver
68695.0,55,115.0,1091,0,Gold
31056.0,47,132.0,55,1,Bronze
79593.0,51,116.0,1366,0,Silver
28071.0,44,137.0,313,0,Bronze
37334.0,66,119.0,62,2,Platinum
46423.0,52,124.0,92,2,Platinum
37126.0,53,118.0,72,1,Platinum
47703.0,71,128.0,655,1,Platinum
61180.0,65,117.0,704,1,Gold
38998.0,70,134.0,54,2,Platinum
8028.0,33,136.0,178,0,Bronze
76081.0,62,116.0,1033,0,Silver
34728.0,38,126.0,36,1,Platinum
33168.0,59,135.0,122,1,Platinum
33585.0,58,124.0,122,1,Platinum
77037.0,64,123.0,1123,1,Silver
35196.0,40,134.0,497,1,Platinum
44529.0,58,126.0,691,1,Platinum
70924.0,59,117.0,1363,0,Silver
28764.0,58,115.0,12,2,Bronze
69098.0,75,131.0,2440,0,Gold
25959.0,54,131.0,56,2,Bronze
27100.0,41,129.0,37,1,Bronze
70596.0,39,135.0,968,0,Silver
42557.0,50,137.0,270,1,Platinum
53312.0,73,125.0,278,0,Gold
72228.0,72,134.0,1250,0,Silver
67605.0,37,130.0,938,0,Gold
62845.0,75,135.0,1178,2,Gold
65196.0,66,126.0,1155,2,Gold
42000.0,37,132.0,653,0,Platinum
35860.0,51,116.0,49,2,Platinum
65526.0,60,117.0,506,1,Gold
16860.0,63,136.0,38,2,Bronze
83528.0,32,116.0,1650,0,Silver
64176.0,59,137.0,1826,1,Gold
22304.0,68,137.0,18,0,Bronze
67023.0,46,118.0,906,0,Gold
32892.0,53,116.0,46,1,Platinum
70713.0,58,133.0,1477,1,Silver
59925.0,69,134.0,766,1,Gold
39722.0,71,119.0,47,1,Platinum
46610.0,66,126.0,467,0,Platinum
88347.0,63,126.0,2116,0,Silver
87171.0,43,128.0,1298,0,Silver
26907.0,48,125.0,22,2,Bronze
50014.0,56,120.0,396,1,Platinum
41014.0,46,129.0,20,1,Platinum
66294.0,59,118.0,967,0,Gold
36715.0,53,134.0,357,1,Platinum
79456.0,68,137.0,1401,0,Silver
40479.0,42,125.0,15,1,Platinum
75345.0,54,131.0,2087,0,Silver
54233.0,47,131.0,981,1,Gold
24163.0,54,123.0,17,2,Bronze
84460.0,66,132.0,523,0,Silver
43776.0,41,116.0,23,1,Platinum
71691.0,66,118.0,1192,0,Silver
85844.0,51,116.0,1958,0,Silver
39190.0,50,117.0,133,1,Platinum
71367.0,65,125.0,777,0,Silver
38578.0,52,127.0,73,2,Platinum
57236.0,59,118.0,121,2,Gold
61825.0,45,125.0,424,1,Gold
79803.0,66,115.0,868,1,Silver
80910.0,38,135.0,756,0,Silver
27590.0,42,129.0,12,1,Bronze
56775.0,45,132.0,937,1,Gold
83829.0,49,123.0,1862,0,Silver
54210.0,45,128.0,367,1,Gold
38508.0,38,125.0,443,1,Platinum
53187.0,54,123.0,267,1,Gold
30023.0,52,118.0,61,1,Bronze
76045.0,64,122.0,1323,0,Silver
50870.0,72,115.0,63,1,Gold
15315.0,54,125.0,64,0,Bronze
65463.0,50,120.0,562,1,Gold
66480.0,59,116.0,312,2,Gold
76773.0,70,131.0,1156,0,Silver
81698.0,41,130.0,1104,0,Silver
54466.0,51,119.0,16,2,Gold
98777.0,64,119.0,2008,0,Silver
16269.0,40,125.0,44,1,Bronze
71819.0,53,125.0,1574,1,Silver
33569.0,41,123.0,63,1,Platinum
36262.0,41,124.0,426,0,Platinum
22634.0,58,132.0,96,0,Bronze
47025.0,46,124.0,635,1,Platinum
70566.0,56,123.0,757,1,Silver
31605.0,45,134.0,125,1,Bronze
52034.0,51,128.0,332,2,Gold
48526.0,45,121.0,135,1,Platinum
46734.0,70,134.0,330,1,Platinum
39552.0,62,133.0,384,2,Platinum
86358.0,58,137.0,1722,2,Silver
46931.0,47,117.0,78,3,Platinum
16581.0,39,132.0,24,0,Bronze
63998.0,72,121.0,1168,0,Gold
67381.0,73,132.0,957,1,Gold
25930.0,57,123.0,15,2,Bronze
42693.0,46,115.0,57,1,Platinum
85606.0,48,134.0,1956,1,Silver
72903.0,39,123.0,2013,0,Silver
49669.0,50,116.0,326,1,Platinum
36778.0,56,137.0,77,2,Platinum
85696.0,62,128.0,1313,0,Silver
10979.0,35,116.0,30,0,Bronze
49678.0,63,131.0,315,1,Platinum
56129.0,71,127.0,660,1,Gold
37155.0,35,132.0,74,1,Platinum
21282.0,46,116.0,46,1,Bronze
33419.0,62,125.0,86,1,Platinum
63285.0,79,122.0,1103,0,Gold
21255.0,50,120.0,61,1,Bronze
42162.0,43,122.0,145,1,Platinum
54450.0,68,136.0,684,2,Gold
57744.0,70,122.0,411,1,Gold
26576.0,38,135.0,27,1,Bronze
57513.0,81,126.0,1060,0,Gold
68142.0,60,137.0,1459,1,Gold
7500.0,45,137.0,18,1,Bronze
83145.0,50,136.0,1833,0,Silver
54197.0,64,117.0,237,1,Gold
23091.0,61,116.0,48,2,Bronze
46049.0,48,126.0,515,2,Platinum
56715.0,50,133.0,1020,0,Gold
79410.0,63,116.0,1370,0,Silver
57304.0,73,130.0,1026,1,Gold
44375.0,59,118.0,301,1,Platinum
54450.0,68,136.0,684,2,Gold
59594.0,59,135.0,499,1,Gold
80685.0,30,137.0,1004,0,Silver
40344.0,50,123.0,218,1,Platinum
62710.0,52,128.0,606,1,Gold
48985.0,56,126.0,75,1,Platinum
35322.0,56,137.0,106,3,Platinum
77142.0,76,128.0,990,0,Silver
81657.0,55,120.0,1097,0,Silver
14421.0,28,119.0,16,0,Bronze
20130.0,50,118.0,34,0,Bronze
74214.0,34,137.0,1711,0,Silver
66726.0,67,120.0,438,2,Gold
23724.0,45,132.0,75,1,Bronze
47353.0,64,122.0,225,1,Platinum
33444.0,72,134.0,18,2,Platinum
54386.0,43,128.0,470,1,Gold
28510.0,43,129.0,91,2,Bronze
90638.0,33,119.0,2525,0,Silver
48070.0,74,132.0,504,1,Platinum
43140.0,67,132.0,235,1,Platinum
54959.0,63,132.0,1232,1,Gold
15056.0,66,128.0,88,2,Bronze
26954.0,53,116.0,17,1,Bronze
22327.0,39,125.0,24,1,Bronze
44393.0,59,125.0,60,2,Platinum
62000.0,72,125.0,1020,1,Gold
31497.0,62,133.0,155,1,Bronze
45894.0,50,119.0,51,2,Platinum
78579.0,54,133.0,1812,0,Silver
67369.0,55,134.0,1461,1,Gold
58401.0,64,117.0,96,1,Gold
62307.0,72,119.0,160,1,Gold
43641.0,55,129.0,139,2,Platinum
63841.0,56,129.0,908,1,Gold
46891.0,59,124.0,183,1,Platinum
70091.0,55,130.0,1161,1,Silver
78075.0,52,117.0,988,0,Silver
59184.0,63,136.0,1072,1,Gold
54809.0,47,124.0,174,2,Gold
58113.0,65,132.0,758,1,Gold
51412.0,66,121.0,195,1,Gold
15287.0,45,135.0,31,1,Bronze
66636.0,67,125.0,1084,0,Gold
50965.0,68,131.0,685,1,Gold
84618.0,59,122.0,1672,0,Silver
18351.0,34,123.0,43,0,Bronze
40451.0,67,119.0,49,2,Platinum
36317.0,59,128.0,133,1,Platinum
42213.0,67,123.0,363,1,Platinum
65748.0,69,129.0,545,1,Gold
77044.0,52,123.0,1065,1,Silver
74918.0,55,130.0,2047,0,Silver
56721.0,52,135.0,296,2,Gold
42160.0,49,127.0,140,2,Platinum
61559.0,59,126.0,530,1,Gold
33629.0,61,137.0,152,2,Platinum
68682.0,33,123.0,1598,0,Gold
34377.0,61,132.0,114,1,Platinum
8940.0,38,137.0,101,1,Bronze
26228.0,51,124.0,25,1,Bronze
77297.0,67,132.0,789,0,Silver
40211.0,43,126.0,87,2,Platinum
33438.0,66,124.0,90,2,Platinum
75032.0,65,129.0,1215,1,Silver
61284.0,69,123.0,811,0,Gold
22518.0,38,135.0,61,1,Bronze
54730.0,49,125.0,405,1,Gold
38452.0,69,118.0,72,2,Platinum
44421.0,53,131.0,189,2,Platinum
38197.0,38,127.0,40,1,Platinum
41986.0,46,119.0,63,1,Platinum
28427.0,41,130.0,52,1,Bronze
37395.0,48,116.0,39,1,Platinum
64722.0,53,116.0,805,1,Gold
55249.0,68,117.0,130,1,Gold
84906.0,52,123.0,1631,0,Silver
28691.0,35,126.0,34,1,Bronze
44213.0,72,122.0,152,2,Platinum
25707.0,40,120.0,21,1,Bronze
59062.0,57,123.0,71,3,Gold
76624.0,62,116.0,899,1,Silver
66000.0,77,117.0,711,0,Gold
27683.0,46,137.0,351,1,Bronze
1730.0,53,116.0,8,0,Bronze
7500.0,32,133.0,119,1,Bronze
40521.0,56,129.0,21,2,Platinum
20427.0,51,118.0,10,1,Bronze
65106.0,49,116.0,973,1,Gold
69969.0,59,125.0,1536,0,Silver
67433.0,72,126.0,992,2,Gold
77766.0,57,131.0,1529,1,Silver
74716.0,52,124.0,860,1,Silver
68118.0,61,123.0,928,1,Gold
55158.0,54,138.0,418,2,Gold
62972.0,69,137.0,587,1,Gold
74190.0,49,116.0,641,1,Silver
39356.0,48,118.0,23,2,Platinum
76653.0,55,125.0,2279,0,Silver
35860.0,51,116.0,49,2,Platinum
90687.0,41,128.0,1779,0,Silver
73450.0,42,121.0,1804,0,Silver
31454.0,64,126.0,48,2,Bronze
47139.0,72,118.0,83,2,Platinum
83829.0,49,123.0,1862,0,Silver
53378.0,61,136.0,793,2,Gold
19656.0,54,131.0,84,1,Bronze
45579.0,76,125.0,183,1,Platinum
85485.0,66,115.0,1383,0,Silver
55956.0,80,117.0,999,0,Gold
64191.0,61,132.0,825,1,Gold
38808.0,52,137.0,246,1,Platinum
57183.0,58,130.0,610,2,Gold
23748.0,56,134.0,76,1,Bronze
66303.0,53,131.0,1286,1,Gold
37368.0,49,121.0,30,1,Platinum
40800.0,60,132.0,99,3,Platinum
71847.0,46,136.0,1192,0,Silver
46149.0,49,122.0,362,1,Platinum
78687.0,41,137.0,2130,0,Silver
49118.0,53,137.0,1229,0,Platinum
37633.0,67,136.0,38,2,Platinum
39767.0,73,126.0,485,0,Platinum
26997.0,73,134.0,434,0,Bronze
33986.0,54,130.0,44,1,Platinum
57091.0,52,134.0,496,1,Gold
46831.0,55,127.0,78,2,Platinum
83151.0,52,131.0,2346,0,Silver
52531.0,53,133.0,794,0,Gold
15759.0,68,124.0,17,0,Bronze
22804.0,53,126.0,26,1,Bronze
43050.0,51,118.0,76,1,Platinum
42997.0,47,121.0,15,2,Platinum
48918.0,61,117.0,62,2,Platinum
60033.0,70,118.0,198,1,Gold
34043.0,46,123.0,49,1,Platinum
57811.0,58,127.0,802,1,Gold
78569.0,78,119.0,1736,0,Silver
7500.0,46,133.0,57,2,Bronze
94384.0,71,130.0,2302,0,Silver
23148.0,39,119.0,37,0,Bronze
44267.0,54,131.0,310,2,Platinum
71626.0,45,134.0,1305,0,Silver
60894.0,58,127.0,832,1,Gold
50200.0,48,129.0,401,2,Platinum
81051.0,59,116.0,1501,0,Silver
65169.0,42,120.0,1189,0,Gold
59868.0,52,126.0,1194,1,Gold
65695.0,64,120.0,656,1,Gold
64857.0,68,134.0,1540,0,Gold
45143.0,59,125.0,311,1,Platinum
74805.0,69,122.0,820,1,Silver
59060.0,35,120.0,274,1,Gold
27238.0,62,129.0,57,2,Bronze
47009.0,59,123.0,448,1,Platinum
46094.0,51,115.0,44,2,Platinum
40321.0,52,126.0,102,2,Platinum
37235.0,40,119.0,61,1,Platinum
81843.0,64,129.0,1643,0,Silver
46692.0,66,127.0,397,1,Platinum
77382.0,56,120.0,1121,1,Silver
37774.0,47,136.0,473,2,Platinum
18393.0,50,118.0,50,1,Bronze
72828.0,62,131.0,1678,1,Silver
24711.0,42,117.0,58,0,Bronze
45503.0,49,124.0,170,1,Platinum
6560.0,42,121.0,373,0,Bronze
71604.0,79,122.0,1196,0,Silver
27244.0,45,118.0,101,1,Bronze
48752.0,55,133.0,316,2,Platinum
71434.0,62,124.0,1400,1,Silver
90842.0,76,126.0,1424,0,Silver
88097.0,46,137.0,844,1,Silver
51948.0,49,124.0,311,1,Gold
71853.0,42,128.0,1149,0,Silver
35876.0,41,117.0,129,0,Platinum
40049.0,72,123.0,32,1,Platinum
39660.0,42,137.0,299,1,Platinum
50127.0,62,116.0,320,1,Platinum
43263.0,47,134.0,441,1,Platinum
62845.0,75,135.0,1178,2,Gold
18929.0,34,131.0,85,0,Bronze
24367.0,42,130.0,24,1,Bronze
33249.0,49,131.0,112,1,Platinum
26887.0,65,131.0,30,1,Bronze
50150.0,41,127.0,410,0,Platinum
62061.0,48,125.0,800,1,Gold
85696.0,62,128.0,1313,0,Silver
76542.0,68,130.0,1483,0,Silver
70515.0,31,123.0,1258,0,Silver
18227.0,37,134.0,28,1,Bronze
69139.0,59,120.0,227,1,Gold
69109.0,42,134.0,1555,0,Gold
69627.0,62,130.0,861,1,Gold
38136.0,46,129.0,103,1,Platinum
62159.0,78,117.0,634,0,Gold
80695.0,61,121.0,1918,0,Silver
33316.0,53,123.0,131,2,Platinum
58554.0,56,136.0,586,2,Gold
17256.0,32,122.0,62,1,Bronze
53034.0,50,128.0,447,2,Gold
52203.0,74,138.0,939,0,Gold
59601.0,47,126.0,797,1,Gold
75154.0,66,136.0,1143,1,Silver
47025.0,48,122.0,415,1,Platinum
37971.0,51,122.0,30,1,Platinum
41335.0,56,121.0,187,1,Platinum
67267.0,66,116.0,251,1,Gold
57338.0,49,117.0,237,1,Gold
50523.0,64,121.0,91,2,Platinum
35791.0,59,128.0,35,3,Platinum
50611.0,64,135.0,493,1,Platinum
56242.0,55,130.0,971,1,Gold
48904.0,64,133.0,371,1,Platinum
56243.0,49,121.0,396,3,Gold
21355.0,39,125.0,68,1,Bronze
57420.0,53,127.0,322,1,Gold
46390.0,69,116.0,222,1,Platinum
54342.0,68,126.0,177,2,Gold
20895.0,51,135.0,45,1,Bronze
92344.0,76,120.0,1899,0,Silver
26907.0,48,125.0,22,2,Bronze
44964.0,44,133.0,41,2,Platinum
75507.0,45,116.0,1440,0,Silver
53761.0,52,123.0,325,2,Gold
22682.0,51,123.0,95,1,Bronze
38887.0,52,118.0,42,1,Platinum
41658.0,49,134.0,72,2,Platinum
29791.0,52,116.0,20,1,Bronze
63915.0,68,126.0,789,2,Gold
39996.0,50,116.0,15,2,Platinum
26759.0,52,119.0,59,1,Bronze
63841.0,56,129.0,908,1,Gold
51039.0,55,133.0,417,2,Gold
60544.0,63,137.0,289,2,Gold
65685.0,52,118.0,769,1,Gold
37716.0,71,117.0,188,1,Platinum
36864.0,67,137.0,354,1,Platinum
44511.0,54,135.0,727,1,Platinum
36947.0,57,137.0,146,2,Platinum
47352.0,73,129.0,319,1,Platinum
67087.0,71,121.0,794,1,Gold
57045.0,74,136.0,454,1,Gold
36957.0,71,136.0,152,2,Platinum
69389.0,47,136.0,797,1,Gold
80134.0,52,128.0,1690,1,Silver
43142.0,55,119.0,20,2,Platinum
80589.0,80,120.0,1428,0,Silver
34412.0,34,131.0,209,1,Platinum
57537.0,45,127.0,545,1,Gold
22634.0,58,132.0,96,0,Bronze
51315.0,76,119.0,222,0,Gold
36026.0,52,118.0,61,3,Platinum
24639.0,51,120.0,44,2,Bronze
34578.0,52,117.0,8,3,Platinum
65704.0,52,123.0,817,0,Gold
63810.0,58,134.0,1371,1,Gold
54132.0,55,119.0,42,1,Gold
18690.0,65,133.0,60,0,Bronze
28164.0,54,128.0,78,1,Bronze
34596.0,50,129.0,23,1,Platinum
43269.0,52,124.0,19,1,Platinum
38741.0,66,118.0,61,2,Platinum
31907.0,52,130.0,449,0,Bronze
27100.0,41,129.0,37,1,Bronze
31163.0,51,119.0,38,1,Bronze
92533.0,39,121.0,1131,0,Silver
34853.0,51,121.0,34,2,Platinum
70844.0,57,123.0,294,2,Silver
31086.0,45,128.0,48,2,Bronze
60544.0,63,137.0,289,2,Gold
20491.0,38,132.0,30,0,Bronze
42523.0,60,117.0,125,0,Platinum
39922.0,41,131.0,156,1,Platinum
33402.0,72,126.0,70,2,Platinum
36408.0,75,124.0,22,2,Platinum
21645.0,45,136.0,65,1,Bronze
78427.0,76,135.0,1930,0,Silver
82657.0,78,124.0,2283,0,Silver
51876.0,66,123.0,310,0,Gold
78041.0,53,133.0,1319,0,Silver
52852.0,67,133.0,879,1,Gold
70038.0,42,123.0,1244,0,Silver
69401.0,51,118.0,690,1,Gold
46053.0,52,131.0,209,1,Platinum
77343.0,59,115.0,1134,0,Silver
73892.0,71,122.0,1507,0,Silver
40304.0,57,124.0,57,1,Platinum
32727.0,59,137.0,529,0,Platinum
68695.0,55,115.0,1091,0,Gold
43300.0,53,135.0,180,1,Platinum
26290.0,52,132.0,77,2,Bronze
93790.0,54,119.0,2349,0,Silver
38410.0,50,136.0,534,0,Platinum
64866.0,74,120.0,556,1,Gold
57957.0,65,125.0,637,1,Gold
46015.0,69,117.0,46,2,Platinum
16531.0,46,115.0,44,1,Bronze
28072.0,38,126.0,47,1,Bronze
49476.0,61,127.0,795,1,Platinum
50725.0,71,131.0,586,1,Platinum
83844.0,72,128.0,1574,0,Silver
41145.0,74,119.0,13,2,Platinum
67419.0,54,132.0,1471,1,Gold
23162.0,54,121.0,65,2,Bronze
34380.0,47,128.0,175,1,Platinum
34704.0,58,129.0,40,1,Platinum
94871.0,55,136.0,1078,2,Silver
65148.0,66,134.0,1115,1,Gold
39898.0,70,131.0,134,1,Platinum
64857.0,68,134.0,1540,0,Gold
59892.0,54,122.0,87,1,Gold
41020.0,37,123.0,217,0,Platinum
57072.0,63,120.0,1034,1,Gold
60474.0,45,129.0,1180,1,Gold
62807.0,64,137.0,819,1,Gold
19414.0,43,123.0,32,1,Bronze
19107.0,44,125.0,46,1,Bronze
75484.0,48,137.0,1159,1,Silver
70379.0,48,130.0,860,1,Silver
79419.0,54,115.0,1631,0,Silver
64014.0,78,115.0,444,3,Gold
76998.0,69,132.0,1910,1,Silver
49854.0,52,122.0,380,1,Platinum
60585.0,53,127.0,736,2,Gold
42873.0,74,132.0,269,2,Platinum
87679.0,36,126.0,2524,0,Silver
57867.0,46,123.0,612,1,Gold
35765.0,34,121.0,75,1,Platinum
65492.0,65,120.0,1045,0,Gold
32952.0,47,121.0,55,1,Platinum
53374.0,55,137.0,1064,1,Gold
71706.0,65,134.0,1443,1,Silver
68487.0,36,132.0,1366,0,Gold
53253.0,49,131.0,436,2,Gold
31163.0,51,119.0,38,1,Bronze
42014.0,47,137.0,436,1,Platinum
54108.0,51,134.0,747,2,Gold
49667.0,69,137.0,1396,0,Platinum
63206.0,50,118.0,928,0,Gold
57136.0,52,126.0,642,2,Gold
46772.0,49,134.0,1048,1,Platinum
78931.0,53,123.0,943,0,Silver
53977.0,66,127.0,907,1,Gold
84219.0,36,119.0,1198,0,Silver
46098.0,49,137.0,120,2,Platinum
73538.0,59,134.0,1658,1,Silver
79529.0,38,117.0,1638,0,Silver
20981.0,47,129.0,73,0,Bronze
51766.0,44,118.0,275,1,Gold
55759.0,62,134.0,854,1,Gold
33039.0,46,124.0,78,1,Platinum
37787.0,52,124.0,106,1,Platinum
27242.0,54,134.0,106,1,Bronze
87188.0,41,127.0,1923,0,Silver
69930.0,53,128.0,1662,0,Silver
37697.0,48,119.0,84,1,Platinum
37401.0,51,116.0,48,1,Platinum
3502.0,51,129.0,5,1,Bronze
58597.0,48,134.0,733,2,Gold
82032.0,76,117.0,1234,0,Silver
28087.0,66,133.0,112,2,Bronze
74004.0,37,119.0,1658,0,Silver
19740.0,64,130.0,55,1,Bronze
57036.0,49,133.0,1513,1,Gold
53083.0,66,128.0,271,2,Gold
69283.0,49,115.0,904,1,Gold
46098.0,49,137.0,120,2,Platinum
23331.0,36,136.0,103,1,Bronze
23331.0,36,135.0,269,1,Bronze
9255.0,35,121.0,22,1,Bronze
67786.0,65,121.0,1156,0,Gold
71969.0,53,135.0,1086,1,Silver
59235.0,57,132.0,1128,1,Gold
31928.0,35,118.0,72,1,Bronze
74881.0,63,130.0,964,2,Silver
65819.0,46,134.0,1383,0,Gold
51411.0,71,128.0,18,3,Gold
51983.0,60,137.0,793,1,Gold
42386.0,38,132.0,100,1,Platinum
30390.0,37,124.0,80,0,Bronze
30983.0,61,134.0,167,0,Bronze
66033.0,67,132.0,677,1,Gold
37284.0,49,130.0,23,2,Platinum
57530.0,73,123.0,92,1,Gold
76800.0,59,118.0,641,0,Silver
63943.0,68,136.0,1106,1,Gold
76081.0,62,116.0,1033,0,Silver
67445.0,50,137.0,1174,1,Gold
37054.0,57,124.0,25,2,Platinum
47175.0,62,135.0,240,2,Platinum
31859.0,48,127.0,20,1,Bronze
27215.0,63,132.0,102,3,Bronze
70179.0,48,126.0,1034,1,Silver
39922.0,41,131.0,156,1,Platinum
49681.0,48,122.0,458,2,Platinum
24645.0,36,134.0,17,1,Bronze
79865.0,70,115.0,792,1,Silver
44322.0,39,115.0,92,1,Platinum
47958.0,72,132.0,407,1,Platinum
63972.0,60,133.0,1269,1,Gold
75315.0,70,117.0,841,1,Silver
55517.0,74,136.0,633,2,Gold
75283.0,67,130.0,1019,3,Silver
82800.0,78,134.0,1315,0,Silver
38998.0,70,134.0,54,2,Platinum
90638.0,33,119.0,2525,0,Silver
27161.0,38,123.0,52,1,Bronze
42014.0,47,137.0,436,1,Platinum
38201.0,64,130.0,268,1,Platinum
45203.0,42,118.0,147,2,Platinum
81574.0,77,117.0,1798,0,Silver
34935.0,32,127.0,137,0,Platinum
60482.0,48,132.0,507,1,Gold
34633.0,68,120.0,15,3,Platinum
78093.0,77,121.0,1105,0,Silver
82460.0,74,121.0,974,0,Silver
45903.0,58,117.0,66,1,Platinum
81361.0,37,119.0,778,0,Silver
35860.0,51,116.0,49,2,Platinum
40442.0,72,137.0,169,2,Platinum
61482.0,59,115.0,299,0,Gold
34968.0,44,129.0,221,1,Platinum
75794.0,37,121.0,1682,0,Silver
31497.0,62,133.0,155,1,Bronze
74268.0,69,131.0,892,0,Silver
13724.0,36,137.0,58,1,Bronze
45143.0,59,125.0,311,1,Platinum
52569.0,57,117.0,95,1,Gold
48432.0,51,135.0,424,1,Platinum
17144.0,64,119.0,47,2,Bronze
36108.0,40,123.0,339,1,Platinum
76445.0,53,136.0,1410,1,Silver
36663.0,49,117.0,35,1,Platinum
53843.0,59,127.0,562,1,Gold
90226.0,68,136.0,2352,0,Silver
70638.0,69,127.0,1334,0,Silver
44512.0,64,125.0,32,2,Platinum
27116.0,63,118.0,41,2,Bronze
54072.0,61,126.0,39,2,Gold
71855.0,47,132.0,1141,1,Silver
51250.0,34,130.0,710,1,Gold
60432.0,51,118.0,401,1,Gold
65526.0,60,117.0,506,1,Gold
68655.0,36,137.0,1538,0,Gold
12393.0,46,133.0,57,0,Bronze
64509.0,34,125.0,1722,0,Gold
33955.0,49,125.0,270,1,Platinum
31353.0,47,121.0,31,2,Bronze
55434.0,40,123.0,882,1,Gold
28359.0,41,123.0,16,1,Bronze
57100.0,37,116.0,311,1,Gold
69139.0,59,120.0,227,1,Gold
52973.0,68,134.0,1152,1,Gold
51717.0,59,125.0,122,1,Gold
18793.0,53,132.0,77,1,Bronze
66664.0,42,136.0,1289,0,Gold
50664.0,65,132.0,561,2,Platinum
54414.0,61,132.0,211,2,Gold
54549.0,72,118.0,233,1,Gold
47111.0,53,136.0,1092,1,Platinum
41003.0,61,130.0,601,0,Platinum
19444.0,42,119.0,54,1,Bronze
36301.0,48,123.0,78,1,Platinum
73059.0,77,125.0,1095,1,Silver
42731.0,55,123.0,244,1,Platinum
52854.0,65,118.0,116,2,Gold
22775.0,46,127.0,15,1,Bronze
46681.0,76,123.0,425,2,Platinum
59821.0,69,129.0,734,1,Gold
50002.0,70,127.0,638,1,Platinum
69755.0,79,123.0,894,0,Silver
44078.0,55,115.0,41,2,Platinum
30560.0,48,127.0,31,1,Bronze
35924.0,55,118.0,34,2,Platinum
64140.0,60,124.0,1750,2,Gold
56386.0,43,135.0,612,2,Gold
24594.0,45,121.0,29,1,Bronze
75774.0,43,116.0,823,1,Silver
39228.0,64,128.0,20,0,Platinum
58494.0,50,121.0,396,1,Gold
58684.0,43,115.0,813,0,Gold
57136.0,57,128.0,1179,0,Gold
56551.0,74,116.0,138,2,Gold
22448.0,42,119.0,55,1,Bronze
82014.0,63,137.0,1511,0,Silver
34213.0,61,136.0,117,2,Platinum
25358.0,77,126.0,32,1,Bronze
35544.0,46,118.0,67,1,Platinum
36634.0,70,128.0,335,1,Platinum
62670.0,70,119.0,825,1,Gold
50334.0,52,126.0,694,1,Platinum
72066.0,43,115.0,1792,0,Silver
50729.0,66,128.0,496,2,Platinum
34916.0,56,128.0,231,2,Platinum
64892.0,48,116.0,902,1,Gold
43602.0,58,120.0,68,2,Platinum
33996.0,35,124.0,71,0,Platinum
41473.0,39,127.0,76,1,Platinum
63246.0,57,125.0,772,2,Gold
36732.0,65,121.0,47,2,Platinum
69084.0,54,122.0,1586,1,Gold
77766.0,57,131.0,1529,1,Silver
37929.0,39,126.0,265,0,Platinum
86610.0,73,124.0,1603,0,Silver
80141.0,38,132.0,2091,0,Silver
72635.0,69,127.0,981,0,Silver
69016.0,54,134.0,1533,1,Gold
20193.0,33,134.0,82,0,Bronze
27573.0,49,130.0,244,1,Bronze
15862.0,45,127.0,36,1,Bronze
49544.0,48,131.0,404,1,Platinum
33228.0,44,120.0,71,1,Platinum
70440.0,46,123.0,1572,0,Silver
38232.0,53,120.0,122,2,Platinum
22554.0,69,134.0,41,2,Bronze
23536.0,41,115.0,10,1,Bronze
49413.0,72,123.0,304,1,Platinum
42231.0,55,118.0,37,2,Platinum
78789.0,44,137.0,1754,0,Silver
56534.0,56,126.0,815,1,Gold
58350.0,53,132.0,1001,1,Gold
81217.0,35,126.0,1157,0,Silver
49090.0,73,126.0,688,1,Platinum
61787.0,37,126.0,1319,0,Gold
18169.0,39,131.0,21,1,Bronze
24336.0,43,137.0,31,1,Bronze
18222.0,34,133.0,67,0,Bronze
62335.0,72,128.0,708,1,Gold
42033.0,53,136.0,25,2,Platinum
86580.0,41,131.0,746,0,Silver
41437.0,67,136.0,32,2,Platinum
73705.0,73,118.0,1695,2,Silver
61064.0,48,137.0,1080,1,Gold
38452.0,69,118.0,72,2,Platinum
18358.0,35,122.0,57,1,Bronze
55012.0,51,118.0,660,1,Gold
9722.0,51,135.0,103,1,Bronze
38175.0,40,124.0,153,1,Platinum
58656.0,68,136.0,1220,1,Gold
52117.0,59,137.0,279,1,Gold
64813.0,46,120.0,745,1,Gold
54222.0,51,118.0,264,1,Gold
83512.0,38,115.0,2157,0,Silver
77520.0,65,125.0,1526,1,Silver
41154.0,46,129.0,69,1,Platinum
80398.0,58,134.0,1597,0,Silver
18746.0,32,116.0,64,1,Bronze
35196.0,40,134.0,497,1,Platinum
60230.0,68,128.0,1067,1,Gold
22108.0,47,116.0,31,2,Bronze
44392.0,50,124.0,211,2,Platinum
55424.0,48,134.0,877,1,Gold
17688.0,45,132.0,11,1,Bronze
92491.0,41,128.0,2034,0,Silver
90273.0,33,121.0,1991,0,Silver
82571.0,62,117.0,1686,0,Silver
38513.0,42,120.0,324,1,Platinum
16653.0,45,117.0,69,1,Bronze
42586.0,69,135.0,252,2,Platinum
23529.0,59,132.0,54,1,Bronze
74881.0,63,130.0,964,2,Silver
71107.0,73,131.0,1327,1,Silver
46910.0,60,118.0,68,2,Platinum
18690.0,65,133.0,60,0,Bronze
37244.0,69,129.0,55,2,Platinum
82427.0,58,118.0,1456,0,Silver
75342.0,66,128.0,563,1,Silver
70044.0,70,131.0,1504,1,Silver
79146.0,57,117.0,564,2,Silver
77437.0,61,122.0,1125,0,Silver
54984.0,65,116.0,358,1,Gold
42403.0,53,121.0,42,1,Platinum
55761.0,60,117.0,184,1,Gold
37292.0,41,129.0,460,1,Platinum
45576.0,79,116.0,145,0,Platinum
70321.0,77,132.0,1376,0,Silver
58086.0,55,132.0,792,1,Gold
81795.0,72,135.0,1382,0,Silver
28389.0,77,134.0,28,0,Bronze
66835.0,78,124.0,1033,0,Gold
69901.0,55,128.0,882,1,Silver
80360.0,75,130.0,2231,0,Silver
63342.0,63,135.0,1101,1,Gold
44989.0,50,136.0,369,1,Platinum
31859.0,44,119.0,48,1,Bronze
51569.0,75,131.0,467,1,Gold
30372.0,53,133.0,44,2,Bronze
16014.0,45,130.0,38,2,Bronze
41120.0,56,122.0,81,2,Platinum
39763.0,53,125.0,167,1,Platinum
38725.0,69,116.0,45,2,Platinum
77981.0,52,128.0,664,1,Silver
62905.0,60,124.0,622,1,Gold
13533.0,45,130.0,48,1,Bronze
59481.0,49,123.0,461,1,Gold
72117.0,47,125.0,1073,1,Silver
21955.0,38,124.0,55,1,Bronze
67131.0,68,130.0,976,1,Gold
36802.0,44,115.0,20,1,Platinum
71853.0,42,128.0,1149,0,Silver
28249.0,63,115.0,43,0,Bronze
47808.0,49,123.0,224,1,Platinum
25509.0,50,136.0,101,1,Bronze
51012.0,78,129.0,209,0,Gold
70596.0,39,135.0,968,0,Silver
85431.0,72,127.0,1165,0,Silver
42664.0,57,118.0,24,1,Platinum
42586.0,69,135.0,252,2,Platinum
29760.0,39,137.0,165,1,Bronze
28973.0,47,135.0,269,0,Bronze
39435.0,51,125.0,102,1,Platinum
65370.0,40,125.0,461,0,Gold
20194.0,45,133.0,47,1,Bronze
42473.0,48,119.0,144,2,Platinum
64590.0,56,135.0,1338,0,Gold
71232.0,65,122.0,917,1,Silver
34600.0,53,132.0,318,2,Platinum
46904.0,57,134.0,253,2,Platinum
49094.0,51,136.0,502,1,Platinum
36075.0,41,121.0,119,1,Platinum
60839.0,45,137.0,1250,2,Gold
77298.0,45,122.0,969,1,Silver
34026.0,74,125.0,76,2,Platinum
48918.0,61,117.0,62,2,Platinum
82122.0,62,125.0,1382,0,Silver
37697.0,48,119.0,84,1,Platinum
34074.0,72,126.0,255,2,Platinum
28520.0,64,127.0,43,2,Bronze
62535.0,69,123.0,398,1,Gold
36273.0,47,117.0,76,1,Platinum
63404.0,60,115.0,902,2,Gold
75774.0,43,116.0,823,1,Silver
78416.0,48,115.0,1179,1,Silver
75702.0,50,135.0,1921,1,Silver
59385.0,73,129.0,185,2,Gold
37070.0,58,130.0,433,2,Platinum
44689.0,73,120.0,34,2,Platinum
53977.0,66,127.0,907,1,Gold
7144.0,58,121.0,416,2,Bronze
18701.0,60,127.0,44,2,Bronze
90369.0,68,117.0,1588,0,Silver
63159.0,50,134.0,1797,0,Gold
37758.0,58,135.0,40,2,Platinum
46757.0,61,134.0,1143,1,Platinum
79734.0,55,115.0,914,0,Silver
63207.0,32,132.0,1502,0,Gold
72071.0,70,131.0,1338,1,Silver
21840.0,41,126.0,27,1,Bronze
58582.0,42,124.0,763,1,Gold
72282.0,73,126.0,1331,0,Silver
50387.0,68,125.0,525,2,Platinum
32583.0,63,115.0,9,2,Platinum
62568.0,62,117.0,953,1,Gold
44635.0,53,123.0,68,2,Platinum
33316.0,53,123.0,131,2,Platinum
63967.0,56,125.0,882,1,Gold
52513.0,46,136.0,1149,0,Gold
25293.0,55,124.0,37,1,Bronze
54111.0,59,125.0,388,1,Gold
78394.0,38,131.0,1428,0,Silver
80739.0,66,128.0,1633,0,Silver
22669.0,49,128.0,173,1,Bronze
29236.0,37,123.0,99,1,Bronze
44911.0,65,130.0,215,1,Platinum
54693.0,62,131.0,929,1,Gold
48186.0,50,118.0,219,1,Platinum
54809.0,47,124.0,174,2,Gold
41580.0,46,133.0,92,2,Platinum
80336.0,54,124.0,1052,0,Silver
47743.0,67,130.0,275,1,Platinum
62972.0,69,137.0,587,1,Gold
57333.0,70,136.0,1662,1,Gold
32313.0,42,131.0,159,1,Platinum
84953.0,71,127.0,1024,0,Silver
27071.0,56,117.0,35,1,Bronze
68148.0,67,125.0,1042,0,Gold
65735.0,59,121.0,395,2,Gold
86836.0,49,136.0,557,0,Silver
4023.0,61,115.0,9,2,Bronze
30093.0,34,126.0,69,0,Bronze
57705.0,58,120.0,486,1,Gold
25008.0,36,119.0,34,1,Bronze
83257.0,29,136.0,1365,0,Silver
22280.0,49,128.0,13,1,Bronze
72159.0,46,135.0,1401,0,Silver
64260.0,63,132.0,1574,0,Gold
82733.0,40,124.0,1323,0,Silver
74290.0,53,125.0,1217,1,Silver
58217.0,73,134.0,103,3,Gold
21024.0,48,126.0,84,0,Bronze
70116.0,52,132.0,1536,0,Silver
54006.0,39,136.0,581,1,Gold
69063.0,58,134.0,928,1,Gold
11448.0,49,121.0,14,0,Bronze
61825.0,45,125.0,424,1,Gold
70886.0,53,123.0,960,1,Silver
69109.0,42,134.0,1555,0,Gold
60208.0,51,135.0,656,2,Gold
32889.0,56,124.0,55,2,Platinum
34738.0,40,116.0,20,1,Platinum
30538.0,53,135.0,367,1,Bronze
82326.0,47,118.0,2257,0,Silver
26642.0,57,118.0,42,1,Bronze
69932.0,60,127.0,1049,1,Silver
44503.0,52,117.0,48,2,Platinum
60200.0,76,132.0,685,1,Gold
49638.0,72,117.0,39,1,Platinum
23830.0,37,119.0,43,0,Bronze
33051.0,65,137.0,835,0,Platinum
72905.0,66,120.0,1515,0,Silver
69702.0,73,131.0,1039,1,Gold
70300.0,49,126.0,1596,1,Silver
70643.0,40,135.0,1828,0,Silver
30396.0,55,117.0,34,1,Bronze
50616.0,56,117.0,149,1,Platinum
62772.0,55,128.0,946,1,Gold
30298.0,39,116.0,28,0,Bronze
52413.0,40,134.0,450,1,Gold
44155.0,67,120.0,46,2,Platinum
86979.0,53,122.0,1702,0,Silver
76532.0,49,124.0,820,2,Silver
42081.0,42,131.0,382,1,Platinum
67546.0,36,137.0,2126,0,Gold
88420.0,35,116.0,2069,0,Silver
31158.0,39,132.0,72,1,Bronze
61671.0,56,115.0,732,1,Gold
69719.0,50,116.0,801,0,Gold
49160.0,75,123.0,236,1,Platinum
24882.0,46,136.0,80,1,Bronze
90933.0,70,118.0,1685,0,Silver
113734.0,79,116.0,277,0,Silver
59292.0,74,127.0,507,1,Gold
45759.0,60,131.0,68,2,Platinum
22148.0,41,117.0,49,0,Bronze
73395.0,37,118.0,397,0,Silver
29819.0,53,123.0,39,1,Bronze
45688.0,56,120.0,306,1,Platinum
62820.0,70,128.0,976,0,Gold
60491.0,53,124.0,1028,1,Gold
33235.0,38,119.0,70,1,Platinum
35701.0,65,130.0,46,0,Platinum
31535.0,44,124.0,51,1,Bronze
92556.0,64,117.0,1263,0,Silver
67384.0,54,134.0,1490,1,Gold
80573.0,53,135.0,1564,0,Silver
77870.0,57,137.0,1815,1,Silver
52278.0,61,132.0,1198,1,Gold
57107.0,56,137.0,416,1,Gold
18929.0,34,131.0,85,0,Bronze
36038.0,43,128.0,47,1,Platinum
20180.0,48,131.0,137,0,Bronze
34230.0,59,133.0,21,2,Platinum
31878.0,47,115.0,70,1,Bronze
70932.0,52,120.0,909,1,Silver
91249.0,68,135.0,1676,0,Silver
77598.0,81,123.0,1735,0,Silver
80982.0,65,132.0,1191,2,Silver
22701.0,47,124.0,24,1,Bronze
55212.0,55,134.0,1182,1,Gold
70617.0,54,127.0,1280,0,Silver
64849.0,67,134.0,1336,0,Gold
62694.0,59,127.0,749,2,Gold
61917.0,50,122.0,91,2,Gold
67472.0,77,124.0,414,1,Gold
21059.0,42,120.0,44,1,Bronze
29543.0,56,117.0,63,2,Bronze
75903.0,73,129.0,901,1,Silver
34984.0,49,136.0,38,2,Platinum
54998.0,68,130.0,455,1,Gold
54356.0,75,134.0,775,1,Gold
34242.0,65,118.0,15,1,Platinum
25410.0,51,125.0,38,1,Bronze
73356.0,40,119.0,1512,0,Silver
28320.0,74,132.0,43,1,Bronze
23763.0,47,137.0,42,1,Bronze
72570.0,40,117.0,1089,0,Silver
34529.0,48,136.0,162,1,Platinum
70792.0,73,131.0,1272,0,Silver
63211.0,42,134.0,1173,0,Gold
83891.0,50,115.0,816,1,Silver
36065.0,56,130.0,74,2,Platinum
39898.0,70,131.0,134,1,Platinum
51141.0,84,126.0,157,0,Gold
56939.0,48,124.0,561,1,Gold
80872.0,73,116.0,1336,0,Silver
72335.0,48,137.0,2092,0,Silver
61798.0,60,122.0,463,0,Gold
76842.0,74,116.0,1130,0,Silver
29478.0,48,120.0,20,1,Bronze
46998.0,68,135.0,377,1,Platinum
96843.0,34,129.0,1544,0,Silver
56551.0,74,116.0,138,2,Gold
70053.0,59,126.0,1012,1,Silver
71670.0,62,126.0,1766,0,Silver
44359.0,46,115.0,45,2,Platinum
40887.0,72,128.0,161,2,Platinum
48877.0,58,120.0,144,1,Platinum
74485.0,77,125.0,1734,0,Silver
64474.0,52,123.0,823,1,Gold
77226.0,61,119.0,1138,1,Silver
72643.0,75,131.0,1429,0,Silver
85738.0,46,120.0,1371,0,Silver
55686.0,58,131.0,982,1,Gold
39062.0,41,118.0,44,1,Platinum
34600.0,53,132.0,318,2,Platinum
40794.0,49,129.0,434,1,Platinum
54690.0,53,122.0,198,2,Gold
4428.0,55,123.0,359,1,Bronze
32632.0,61,137.0,576,0,Platinum
38236.0,56,124.0,88,2,Platinum
36781.0,45,117.0,63,1,Platinum
31385.0,40,133.0,27,1,Bronze
24570.0,40,131.0,193,1,Bronze
25509.0,50,136.0,101,1,Bronze
94642.0,73,119.0,2211,0,Silver
58646.0,62,127.0,140,1,Gold
53201.0,49,131.0,415,2,Gold
21994.0,67,133.0,22,1,Bronze
57113.0,46,131.0,263,2,Gold
51373.0,33,127.0,393,0,Gold
23477.0,38,123.0,147,1,Bronze
58116.0,68,117.0,443,1,Gold
72968.0,61,121.0,1958,0,Silver
39791.0,53,130.0,174,1,Platinum
91712.0,77,123.0,2217,0,Silver
94472.0,66,117.0,1691,1,Silver
13672.0,64,129.0,25,2,Bronze
96547.0,44,116.0,809,0,Silver
79205.0,49,137.0,895,0,Silver
56559.0,49,133.0,484,1,Gold
32644.0,51,132.0,413,1,Platinum
67506.0,44,120.0,331,1,Gold
24206.0,54,130.0,25,1,Bronze
28420.0,57,121.0,13,1,Bronze
22979.0,54,136.0,115,1,Bronze
33279.0,58,115.0,16,0,Platinum
46423.0,52,124.0,92,2,Platinum
30368.0,47,122.0,52,1,Bronze
63684.0,54,134.0,1464,1,Gold
41638.0,60,131.0,441,1,Platinum
68805.0,65,124.0,283,1,Gold
65814.0,58,118.0,747,1,Gold
71964.0,66,128.0,1870,0,Silver
39146.0,38,131.0,165,1,Platinum
96876.0,47,125.0,1941,0,Silver
34445.0,43,132.0,839,0,Platinum
68281.0,66,137.0,1655,0,Gold
37284.0,49,130.0,23,2,Platinum
36790.0,41,130.0,66,0,Platinum
27943.0,57,129.0,37,2,Bronze
22263.0,73,118.0,21,2,Bronze
30261.0,52,136.0,22,3,Bronze
28587.0,46,119.0,78,1,Bronze
43815.0,42,129.0,79,1,Platinum
48195.0,68,120.0,265,2,Platinum
77027.0,72,119.0,1175,1,Silver
71322.0,59,131.0,1305,1,Silver
32765.0,45,119.0,46,1,Platinum
29672.0,59,130.0,25,2,Bronze
23272.0,71,123.0,46,0,Bronze
49912.0,75,136.0,874,1,Platinum
7500.0,39,137.0,100,1,Bronze
68117.0,77,130.0,930,1,Gold
67225.0,69,122.0,868,1,Gold
17649.0,48,122.0,45,1,Bronze
55914.0,49,129.0,1260,1,Gold
40059.0,40,124.0,414,1,Platinum
60905.0,74,121.0,392,1,Gold
75330.0,47,135.0,1109,2,Silver
60689.0,73,127.0,639,1,Gold
38680.0,40,130.0,79,1,Platinum
61416.0,42,131.0,1665,0,Gold
49767.0,33,128.0,692,0,Platinum
83273.0,54,136.0,1392,3,Silver
29009.0,43,122.0,44,1,Bronze
45057.0,45,121.0,50,1,Platinum
37150.0,53,136.0,467,1,Platinum
43020.0,54,122.0,223,1,Platinum
53154.0,65,115.0,158,1,Gold
65308.0,51,124.0,1211,0,Gold
76467.0,54,137.0,1575,1,Silver
81044.0,77,121.0,1208,0,Silver
32871.0,73,130.0,43,2,Platinum
55801.0,49,124.0,527,2,Gold
76320.0,65,115.0,932,1,Silver
36927.0,69,115.0,71,2,Platinum
48794.0,71,115.0,54,2,Platinum
23478.0,59,130.0,129,0,Bronze
71128.0,51,135.0,1615,1,Silver
70179.0,48,126.0,1034,1,Silver
59462.0,74,132.0,1088,1,Gold
38361.0,55,121.0,137,1,Platinum
70038.0,42,123.0,1244,0,Silver
42554.0,46,132.0,41,2,Platinum
67445.0,50,137.0,1174,1,Gold
67046.0,73,132.0,993,1,Gold
42192.0,76,124.0,100,0,Platinum
77610.0,72,135.0,1680,1,Silver
31761.0,40,117.0,98,1,Bronze
34350.0,45,123.0,48,1,Platinum
54591.0,75,125.0,519,1,Gold
71866.0,68,121.0,715,1,Silver
25293.0,55,124.0,37,1,Bronze
42000.0,37,132.0,653,0,Platinum
69520.0,41,126.0,1455,0,Gold
64713.0,54,119.0,602,1,Gold
27889.0,47,126.0,26,1,Bronze
22123.0,64,118.0,102,0,Bronze
27803.0,51,137.0,176,1,Bronze
51651.0,64,134.0,433,1,Gold
68487.0,36,132.0,1366,0,Gold
56796.0,55,131.0,1001,1,Gold
87000.0,32,133.0,961,0,Silver
79823.0,65,118.0,1518,1,Silver
30828.0,44,123.0,56,1,Bronze
34109.0,53,122.0,22,1,Platinum
53367.0,50,125.0,400,2,Gold
22390.0,55,123.0,26,0,Bronze
71322.0,48,116.0,350,1,Silver
79244.0,31,133.0,1216,0,Silver
49912.0,75,136.0,874,1,Platinum
48699.0,74,128.0,40,2,Platinum
80144.0,49,124.0,1367,0,Silver
54252.0,68,128.0,264,2,Gold
81929.0,48,136.0,2053,1,Silver
76068.0,49,134.0,1376,1,Silver
53204.0,48,118.0,45,2,Gold
67911.0,75,116.0,976,1,Gold
14796.0,40,136.0,51,1,Bronze
78128.0,50,119.0,1264,1,Silver
14188.0,52,131.0,75,0,Bronze
20425.0,38,135.0,57,1,Bronze
58646.0,62,127.0,140,1,Gold
72967.0,54,133.0,497,1,Silver
48150.0,75,127.0,266,1,Platinum
82332.0,63,136.0,2006,0,Silver
58275.0,69,127.0,615,2,Gold
44953.0,43,133.0,1021,0,Platinum
34587.0,71,116.0,22,2,Platinum
43018.0,50,122.0,133,1,Platinum
45736.0,70,126.0,437,1,Platinum
66476.0,55,121.0,1013,1,Gold
27733.0,43,125.0,57,1,Bronze
69805.0,72,120.0,1038,1,Silver
72217.0,62,129.0,1573,0,Silver
25818.0,53,135.0,28,1,Bronze
37509.0,48,136.0,123,1,Platinum
25176.0,48,125.0,13,2,Bronze
43586.0,44,137.0,132,1,Platinum
53230.0,68,137.0,732,1,Gold
50116.0,67,115.0,66,2,Platinum
84906.0,52,123.0,1631,0,Silver
61286.0,58,125.0,608,1,Gold
82333.0,38,130.0,1822,0,Silver
65220.0,59,136.0,1282,0,Gold
33590.0,50,122.0,8,3,Platinum
30992.0,48,129.0,43,1,Bronze
72309.0,48,130.0,1931,0,Silver
16005.0,44,137.0,103,1,Bronze
65487.0,67,120.0,1169,0,Gold
58692.0,59,117.0,395,1,Gold
40590.0,55,123.0,258,2,Platinum
20587.0,54,116.0,25,1,Bronze
62637.0,70,118.0,185,1,Gold
29435.0,58,137.0,180,2,Bronze
19346.0,50,120.0,22,1,Bronze
35788.0,53,120.0,44,2,Platinum
36997.0,56,131.0,94,2,Platinum
23539.0,67,119.0,81,0,Bronze
65333.0,51,120.0,798,1,Gold
78499.0,67,122.0,1334,0,Silver
29732.0,53,118.0,38,1,Bronze
41275.0,64,118.0,61,3,Platinum
63516.0,51,126.0,300,2,Gold
42769.0,62,123.0,88,1,Platinum
49572.0,66,121.0,54,2,Platinum
69209.0,52,136.0,1782,0,Gold
17148.0,48,120.0,68,1,Bronze
40590.0,55,123.0,258,2,Platinum
30560.0,48,127.0,31,1,Bronze
32146.0,41,116.0,66,1,Platinum
41713.0,60,117.0,174,2,Platinum
34176.0,49,120.0,28,1,Platinum
58482.0,69,118.0,731,1,Gold
59686.0,59,120.0,274,1,Gold
60896.0,60,135.0,1701,1,Gold
62994.0,44,118.0,312,1,Gold
47320.0,67,125.0,414,1,Platinum
74859.0,75,127.0,1565,0,Silver
15253.0,32,123.0,29,1,Bronze
31560.0,50,127.0,94,1,Bronze
72071.0,70,131.0,1338,1,Silver
91172.0,34,130.0,1092,0,Silver
90000.0,40,121.0,1479,0,Silver
41967.0,43,122.0,54,2,Platinum
69263.0,59,118.0,568,1,Gold
65706.0,54,127.0,1199,0,Gold
60934.0,49,120.0,873,1,Gold
71965.0,73,126.0,1213,1,Silver
65210.0,69,118.0,731,1,Gold
79174.0,49,132.0,2043,0,Silver
81380.0,57,133.0,1893,0,Silver
48432.0,51,135.0,424,1,Platinum
52914.0,53,132.0,575,1,Gold
38946.0,69,123.0,257,1,Platinum
26067.0,50,122.0,56,1,Bronze
44325.0,52,130.0,542,1,Platinum
42523.0,60,117.0,125,0,Platinum
26487.0,46,128.0,69,1,Bronze
53233.0,67,118.0,40,1,Gold
67716.0,64,132.0,1016,1,Gold
76234.0,52,119.0,907,1,Silver
84117.0,68,116.0,1566,0,Silver
65487.0,67,120.0,1169,0,Gold
25224.0,52,118.0,46,1,Bronze
89616.0,41,131.0,1644,0,Silver
40851.0,53,131.0,59,2,Platinum
27469.0,77,137.0,17,0,Bronze
82347.0,67,134.0,1853,0,Silver
73803.0,67,137.0,1528,1,Silver
8820.0,72,130.0,35,2,Bronze
43322.0,50,117.0,141,0,Platinum
55593.0,51,125.0,546,1,Gold
50501.0,70,127.0,500,2,Platinum
37085.0,49,115.0,61,2,Platinum
16185.0,34,125.0,106,1,Bronze
57731.0,55,134.0,704,1,Gold
48432.0,51,135.0,424,1,Platinum
73807.0,46,132.0,849,1,Silver
18929.0,34,131.0,85,0,Bronze
35893.0,56,135.0,199,2,Platinum
61014.0,44,137.0,1147,1,Gold
32144.0,70,118.0,54,2,Platinum
14918.0,61,133.0,43,1,Bronze
45146.0,61,126.0,53,2,Platinum
41769.0,69,131.0,521,1,Platinum
88325.0,43,119.0,1623,0,Silver
38054.0,74,116.0,45,2,Platinum
80617.0,29,135.0,1435,0,Silver
5305.0,48,126.0,32,1,Bronze
36807.0,70,133.0,16,2,Platinum
28427.0,41,130.0,52,1,Bronze
82032.0,76,117.0,1234,0,Silver
22775.0,46,127.0,15,1,Bronze
40101.0,39,135.0,415,1,Platinum
58025.0,45,122.0,470,1,Gold
75777.0,42,126.0,1438,0,Silver
7500.0,45,128.0,53,1,Bronze
33562.0,61,115.0,51,3,Platinum
57642.0,54,120.0,679,1,Gold
58554.0,56,136.0,586,2,Gold
63777.0,45,130.0,653,2,Gold
57967.0,62,130.0,468,1,Gold
24434.0,52,116.0,50,2,Bronze
11012.0,40,130.0,84,1,Bronze
44802.0,54,137.0,1049,0,Platinum
26816.0,38,137.0,22,0,Bronze
34421.0,50,126.0,30,1,Platinum
61223.0,57,127.0,1341,1,Gold
64014.0,78,115.0,444,3,Gold
56981.0,43,120.0,1241,0,Gold
69245.0,68,120.0,843,1,Gold
52869.0,70,135.0,172,2,Gold
